Movie Name,Storyline
The Return,"After 20 years Odysseus finally returns to Ithaca, where he finds his wife held prisoner by suitors vying to be king and his son facing death at their hands. To win back his family and all he has lost, Odysseus must rediscover his strength."
Anora,"A young stripper from Brooklyn impulsively marries the son of Russian oligarchs, but her fairy tale is threatened when his parents set out for New York to get the marriage annulled."
Dune: Part Two,"Paul Atreides unites with the Fremen while on a warpath of revenge against the conspirators who destroyed his family. Facing a choice between the love of his life and the fate of the universe, he endeavors to prevent a terrible future."
Deadpool & Wolverine,"Deadpool is offered a place in the Marvel Cinematic Universe by the Time Variance Authority, but instead recruits a variant of Wolverine to save his universe from extinction."
The Ministry of Ungentlemanly Warfare,The British military recruits a small group of highly skilled soldiers to strike against German forces behind enemy lines during World War II.
Chief of Station,"After learning that the death of his wife was not an accident, a former CIA Station Chief is forced back into the espionage underworld, teaming up with an adversary to unravel a conspiracy that challenges everything he thought he knew."
Gladiator II,"After his home is conquered by the tyrannical emperors who now lead Rome, Lucius is forced to enter the Colosseum and must look to his past to find strength to return the glory of Rome to its people."
The Substance,"A fading celebrity takes a black-market drug: a cell-replicating substance that helps her create a younger, better version of herself."
Speak No Evil,"A family is invited to spend a whole weekend in a lonely home in the countryside, but as the weekend progresses, they realize that a dark side lies within the family who invited them."
The Idea of You,"Solène, a 40-year-old single mom, begins an unexpected romance with 24-year-old Hayes Campbell, the lead singer of August Moon, the hottest boy band on the planet."
Ordinary Angels,Inspired by the incredible true story of a hairdresser who single-handedly rallies an entire community to help a widowed father save the life of his critically ill young daughter.
Heretic,Two young religious women are drawn into a game of cat-and-mouse in the house of a strange man.
Nosferatu,"A gothic tale of obsession between a haunted young woman and the terrifying vampire infatuated with her, causing untold horror in its wake."
Challengers,"Tashi, a former tennis prodigy-turned-coach, transformed her husband into a champion. But to overcome a recent losing streak and redeem himself, he'll need to face off against his former best friend--Tashi's ex-boyfriend."
The Fall Guy,"A stuntman, fresh off an almost career-ending accident, has to track down a missing movie star, solve a conspiracy and try to win back the love of his life while still doing his day job."
We Live in Time,"After an unusual encounter, a talented chef and a recent divorcée fall in love and build the home and family they've always dreamed of, until a painful truth puts their love story to the test."
Snack Shack,"Nebraska City, 1991, two best friends get the chance to run the swimming pool snack shack, that later comes to be the perfect scenario for transgression, fun, personal discovery and romance."
Venom: The Last Dance,Eddie Brock and Venom must make a devastating decision as they're pursued by a mysterious military man and alien monsters from Venom's home world.
The Wild Robot,A sentient robot stranded on an uninhabited island raises an orphaned gosling while trying to fit in with the local wildlife.
Rebel Ridge,A former Marine grapples his way through a web of small-town corruption when an attempt to post bail for his cousin escalates into a violent standoff with the local police chief.
Juror #2,"While serving as a juror in a high-profile murder trial, a family man finds himself struggling with a serious moral dilemma, one he could use to sway the jury verdict and potentially convict or free the wrong killer."
Kraven the Hunter,"Kraven's complex relationship with his ruthless father, Nikolai Kravinoff, starts him down a path of vengeance with brutal consequences, motivating him to become not only the greatest hunter in the world, but also one of its most feared."
Road House,"Ex-UFC fighter Dalton takes a job as a bouncer at a Florida Keys roadhouse, only to discover that this paradise is not all it seems."
The Life of Chuck,"A life-affirming, genre-bending story about three chapters in the life of an ordinary man named Charles Krantz."
The Brutalist,A visionary architect flees post-war Europe in 1947 for a brighter future in the United States and finds his life forever changed by a wealthy client.
Wicked,"Elphaba, a young woman ridiculed for her green skin, and Galinda, a popular girl, become friends at Shiz University in the Land of Oz. After an encounter with the Wonderful Wizard of Oz, their friendship reaches a crossroads."
The Strangers: Chapter 1,"After their car breaks down in an eerie small town, a young couple is forced to spend the night in a remote cabin. Panic ensues as they are terrorized by three masked strangers who strike with no mercy and seemingly no motive."
Civil War,"In the midst of a U.S. civil war, four reporters make the dangerous trip to the capital to interview the president before he is overthrown."
The Beekeeper,A former operative of a powerful organization embarks on a brutal campaign for vengeance.
Furiosa: A Mad Max Saga,"After being snatched from the Green Place of Many Mothers, while the tyrants Dementus and Immortan Joe fight for power and control, the young Furiosa must survive many trials as she puts together the means to find her way home."
Longlegs,"In pursuit of a serial killer, an FBI agent uncovers a series of occult clues that she must solve to end his terrifying killing spree."
Babygirl,A high-powered CEO puts her career and family on the line when she begins a torrid affair with her much-younger intern.
A Complete Unknown,"In 1961, an unknown 19-year-old Bob Dylan arrives in New York City with his guitar and forges relationships with musical icons on his meteoric rise, culminating in a groundbreaking performance that reverberates around the world."
Alien: Romulus,"While scavenging the deep ends of a derelict space station, a group of young space colonists come face to face with the most terrifying life form in the universe."
Blink Twice,"When tech billionaire Slater King meets cocktail waitress Frida at his fundraising gala, he invites her to join him and his friends on a dream vacation on his private island. As strange things start to happen, Frida questions her reality."
The Instigators,Follows two robbers who must go on the run with the help of one of their therapists after a theft doesn't go as planned.
I Saw the TV Glow,"In late-90s suburbia, a lonely teenager meets a girl at school who introduces him to a mysterious late-night T.V. show. As time goes on, however, questions begin to arise about why the show sometimes seems more real than their own lives."
MaXXXine,"In 1980s Hollywood, adult film star and aspiring actress Maxine Minx finally gets her big break. But as a mysterious killer stalks the starlets of Hollywood, a trail of blood threatens to reveal her sinister past."
Eden,"Based on a factual account of a group of outsiders who settle on a remote island only to discover their greatest threat isn't the brutal climate or deadly wildlife, but each other."
Trap,A father and his teen daughter attend a pop concert only to realize they've entered the center of a dark and sinister event.
Twisters,"Kate Carter, a retired tornado-chaser and meteorologist, is persuaded to return to Oklahoma to work with a new team and new technologies."
Smile 2,"About to embark on a world tour, global pop sensation Skye Riley begins experiencing increasingly terrifying and inexplicable events. Overwhelmed by the escalating horrors and the pressures of fame, Skye is forced to face her past."
A Quiet Place: Day One,A young woman named Sam finds herself trapped in New York City during the early stages of an invasion by alien creatures with ultra-sensitive hearing.
The Count of Monte Cristo,"After escaping from an island prison where he spent 14 years for being wrongly accused of state treason, Edmond Dantès returns as the count of Monte Cristo to exact revenge on the men who betrayed him."
Sonic the Hedgehog 3,"Sonic, Knuckles, and Tails reunite against a powerful new adversary, Shadow, a mysterious villain with powers unlike anything they have faced before. With their abilities outmatched, Team Sonic must seek out an unlikely alliance."
Madame Web,"Forced to confront her past, Cassandra Webb, a Manhattan paramedic that may have clairvoyant abilities, forms a relationship with three young women destined for powerful futures, if they can survive their threatening present."
Relay,A broker of lucrative payoffs between corrupt corporations and the individuals who threaten them breaks his own rules when a new client seeks his protection to stay alive.
Wolfs,"Two rival fixers cross paths when they're both called in to help cover up a prominent New York official's misstep. Over one explosive night, they'll have to set aside their petty grievances and their egos to finish the job."
Abigail,"After a group of criminals kidnap the ballerina daughter of a powerful underworld figure, they retreat to an isolated mansion, unaware that they're locked inside with no normal little girl."
Attack on Titan: The Last Attack,"The fate of the world hangs in the balance as Eren unleashes the ultimate power of the Titans. With a burning determination to eliminate all who threaten Eldia, he leads an unstoppable army of Colossal Titans towards Marley."
Subservience,"A family man buys a domestic android after his wife's hospitalization. The android develops obsessive attachment, manipulates the household, eliminates perceived rivals, and ultimately attempts to claim his wife's heart literally."
Carry-On,A mysterious traveler blackmails a young TSA agent into letting a dangerous package slip through security and onto a Christmas Eve flight.
Despicable Me 4,"Gru, Lucy, Margo, Edith, and Agnes welcome a new member to the family, Gru Jr., who is intent on tormenting his dad. Gru faces a new nemesis in Maxime Le Mal and his girlfriend Valentina, and the family is forced to go on the run."
It Ends with Us,"When a woman's first love suddenly reenters her life, her relationship with a charming, but abusive neurosurgeon is upended and she realizes she must learn to rely on her own strength to make an impossible choice for her future."
Joker: Folie à Deux,"Struggling with his dual identity, failed comedian Arthur Fleck meets the love of his life, Harley Quinn, while incarcerated at Arkham State Hospital."
Bone Lake,"A couple's vacation at a secluded estate is upended when they're forced to share the mansion with a mysterious couple. A dream getaway spirals into a nightmarish maze of sex, lies, and manipulation, triggering a battle for survival."
The Order,A series of bank robberies and car heists frightens communities in the Pacific Northwest. A lone FBI agent believes that the crimes were not the work of financially motivated criminals but rather a group of dangerous domestic terrorists.
Oddity,A psychic medium attempts to uncover the truth behind her sister's murder at the site of the crime.
Inside Out 2,"A sequel that features Riley entering puberty and experiencing brand new, more complex emotions as a result. As Riley tries to adapt to her teenage years, her old emotions try to adapt to the possibility of being replaced."
Conclave,"When Cardinal Lawrence is tasked with leading the selection of a new Pope, he finds himself in a web of conspiracy and intrigue that could shake the very foundations of the Catholic Church."
My Old Ass,"A mushroom trip brings free-spirited Elliott face-to-face with her 39-year-old self. But when Elliott's ""old ass"" delivers warnings to her younger self, Elliott realizes she has to rethink everything about her family, life and love."
Moana 2,"After receiving an unexpected call from her wayfinding ancestors, Moana must journey to the far seas of Oceania and into dangerous, long-lost waters for an adventure unlike anything she's ever faced."
Borderlands,"An infamous bounty hunter returns to her childhood home, the chaotic planet Pandora, and forms an unlikely alliance with a team of misfits to find the missing daughter of the most powerful man in the universe."
Horizon: An American Saga - Chapter 1,"Chronicles a multi-faceted, 15-year span of pre-and post-Civil War expansion and settlement of the American west."
Land of Bad,A Delta Force team fights for survival as an Air Force drone pilot becomes its eyes in the sky.
Flow,"Cat is a solitary animal, but as its home is devastated by a great flood, he finds refuge on a boat populated by various species, and will have to team up with them despite their differences."
Kingdom of the Planet of the Apes,"Many years after the reign of Caesar, a young ape goes on a journey that will lead him to question everything he's been taught about the past and make choices that will define a future for apes and humans alike."
Caddo Lake,"When an 8-year-old girl disappears on Caddo Lake, a series of past deaths and disappearances begin to link together, altering a broken family's history."
We Bury the Dead,"After a military catastrophe leaves Tasmania filled with partially reanimated corpses, a volunteer searching for her missing husband abandons recovery operations and travels south through isolated communities collapsing beneath guilt."
A Real Pain,"Mismatched cousins reunite for a tour through Poland to honor their beloved grandmother, but their old tensions resurface against the backdrop of their family history."
Kinds of Kindness,"A man seeks to break free from his predetermined path, a cop questions his wife's demeanor after her return from a supposed drowning, and a woman searches for an extraordinary individual prophesied to become a renowned spiritual guide."
The Watchers,"A young artist gets stranded in an extensive, immaculate forest in western Ireland, where, after finding shelter, she becomes trapped alongside three strangers, stalked by mysterious creatures each night."
The Last Stand of Ellen Cole,Follow a nefarious land developer who gets more than he bargained for when he tries to intimidate an 80-year-old widow into abandoning her Montana ranch.
The Apprentice,"A young man took over his father's real-estate business in 1970s and '80s New York, and got the helping hand of an infamous closeted gay lawyer who helped him turn this young man into a notorious legend. Based on true events."
Exhuma,"Feng shui master Kim Sang-deok joins a shaman and a mortician to relocate a cursed ancestral grave, but the excavation unearths a colonial atrocity buried beneath the soil, forcing crew into a brutal confrontation with an immortal warrior."
Argylle,A reclusive author who writes espionage novels about a secret agent and a global spy syndicate realizes that the plot of the new book she's writing starts to mirror real-world events in real time.
Love Lies Bleeding,"Reclusive gym manager Lou falls hard for Jackie, an ambitious bodybuilder headed through town to Vegas in pursuit of her dream. But their love ignites violence, pulling them deep into the web of Lou's criminal family."
Bad Boys: Ride or Die,"When their late police captain gets linked to drug cartels, wisecracking Miami cops Mike Lowrey and Marcus Burnett embark on a dangerous mission to clear his name."
Damsel,"A dutiful damsel agrees to marry a handsome prince, only to find the royal family has recruited her as a sacrifice to repay an ancient debt."
Transformers One,"The untold origin story of Optimus Prime and Megatron, better known as sworn enemies, but who once were friends bonded like brothers who changed the fate of Cybertron forever."
It's What's Inside,"A group of friends gather for a pre-wedding party that descends into an existential nightmare when an estranged friend arrives with a mysterious game that awakens long-hidden secrets, desires and grudges."
Mothers' Instinct,"Alice and Celine live a traditional lifestyle with successful husbands and sons of the same age. Life's perfect harmony is suddenly shattered after a tragic accident. Guilt, suspicion and paranoia combine to unravel their sisterly bond."
Maharaja,"A barber seeks vengeance after his home is burglarized, cryptically telling police his ""lakshmi"" has been taken, leaving them uncertain if it's a person or object. His quest to recover the elusive ""lakshmi"" unfolds."
Beetlejuice Beetlejuice,"After a family tragedy, three generations of the Deetz family return home to Winter River. Still haunted by Beetlejuice, Lydia's life is turned upside down when her teenage daughter, Astrid, accidentally opens the portal to the Afterlife."
I'm Still Here,A woman married to a former politician during the military dictatorship in Brazil is forced to reinvent herself and chart a new course for her family after a violent and arbitrary act.
Spermworld,Three men enter the new wild west of baby making - online forums where sperm donors connect with hopeful parents - but find themselves exchanging more than just genetic material.
Arthur the King,An adventure racer adopts a stray dog named Arthur to join him in an epic endurance race.
IF,A young girl who goes through a difficult experience begins to see everyone's imaginary friends who have been left behind as their real-life friends have grown up.
Small Things Like These,In 1985 devoted father Bill Furlong discovers disturbing secrets kept by the local convent and uncovers shocking truths of his own.
Milk & Serial,A surprise birthday prank takes a turn for the worse when a popular social media duo must face the reality of the terrifying aftermath.
Friendship,A suburban dad falls hard for his charismatic new neighbor.
Upgraded,"Ana, an ambitious intern at an art auction house in New York City, misrepresents herself to a handsome wealthy man as the director. As their romance develops, her deception creates challenges that threaten her career and relationship."
Mufasa: The Lion King,"Mufasa, a cub lost and alone, meets a sympathetic lion named Taka, the heir to a royal bloodline. The chance meeting sets in motion an expansive journey of a group of misfits searching for their destiny."
Addition,"A woman counts everything because numbers hold her world together, but when a chance encounter with a man turns her world upside down, her meticulously ordered life starts to unravel."
Color Book,A devoted single father adjusts to life after his wife's passing while raising his son with Down Syndrome. They embark on a journey through Metro Atlanta to attend their first baseball game.
A Different Man,"An aspiring actor undergoes a radical medical procedure to drastically transform his appearance, but his new dream face quickly turns into a nightmare."
Survive,A couple celebrates their son's birthday in the middle of the ocean on their boat. A violent storm hits and it brings up hungry creatures from the depths and they fight for their survival.
Red One,"After Santa Claus is kidnapped, the North Pole's Head of Security must team up with a notorious hacker in a globe-trotting, action-packed mission to save Christmas."
Kung Fu Panda 4,"After Po is tapped to become the Spiritual Leader of the Valley of Peace, he needs to find and train a new Dragon Warrior, while a wicked sorceress plans to re-summon all the master villains whom Po has vanquished to the spirit realm."
Slingshot,"An astronaut struggles to maintain his grip on reality aboard a possibly fatally compromised mission to Saturn's moon, Titan."
Megalopolis,"The city of New Rome faces the duel between Cesar Catilina, a brilliant artist in favor of a Utopian future, and the greedy mayor Franklyn Cicero. Between them is Julia Cicero, with her loyalty divided between her father and her beloved."
Here,"A generational story about families and the special place they inhabit, sharing in love, loss, laughter, and life."
The Lord of the Rings: The War of the Rohirrim,"A sudden attack by Wulf, a clever and traitorous lord of Rohan seeking vengeance for the death of his father, forces Helm Hammerhand, the King of Rohan, and his people to make a daring last stand in the ancient stronghold of the Hornburg."
Shell,"Desperate to reclaim her career, an once-beloved actress is drawn into the glamorous world of a wellness mogul, only to uncover the monstrous truth beneath its flawless surface."
The Assessment,"In the near future where parenthood is strictly controlled, a couple's seven-day assessment for the right to have a child unravels into a psychological nightmare."
Blackwater Lane,Late one night a woman drives by a stranded motorist who is later revealed to have been murdered. After a series of terrifying events the woman believes she is the killer's next victim.
The Master and Margarita,"A writer's novel is banned and play canceled. He then conceives a satirical novel where a devil-like character metaphorically revenges those responsible. Knowing it cannot be published, his muse Margarita pushes him to write it anyway."
Terrifier 3,Art the Clown is set to unleash chaos on the unsuspecting residents of Miles County as they peacefully drift off to sleep on Christmas Eve.
Horizon: An American Saga - Chapter 2,The continuation of one story of the settlement of the American west. It follows the further adventures of characters first featured in Horizon: An American Saga.
Elevation,A single father and two women venture from the safety of their homes to face monstrous creatures to save the life of a young boy.
Don't Move,"A seasoned killer injects a grieving woman with a paralytic agent. She must run, fight and hide before her body shuts down."
Godzilla X Kong: The New Empire,"Two ancient titans, Godzilla and Kong, clash in an epic battle as humans unravel their intertwined origins and connection to Skull Island's mysteries."
Descendants: The Rise of Red,"After the Queen of Hearts incites a coup in Auradon, her rebellious daughter, Red, and Cinderella's perfectionist daughter, Chloe, must team up and travel in time to undo the traumatic event that drove a young Queen of Hearts to villainy."
Fly Me to the Moon,"Marketing maven Kelly Jones wreaks havoc on NASA launch director Cole Davis's already difficult task. When the White House deems the mission too important to fail, the countdown truly begins."
Presence,A family becomes convinced they are not alone after moving into their new home in the suburbs.
Immaculate,"Cecilia, a woman of devout faith, is warmly welcomed to the picture-perfect Italian countryside where she is offered a new role at an illustrious convent. But it becomes clear to Cecilia that her new home harbors dark and horrifying secrets."
Year 10,"Following a catastrophic event that has destroyed civilization, a young man must confront a group of cannibals who have murdered his father and stolen the medicine keeping his girlfriend alive."
Unsung Hero,A mother's faith stands against all odds and inspires her husband and children to hold onto theirs. Based on a remarkable true story.
Saturday Night,"At 11:30pm on October 11th, 1975, a ferocious troupe of young comedians and writers changed television forever. Find out what happened behind the scenes in the 90 minutes leading up to the first broadcast of Saturday Night Live (1975)."
Ricky Stanicky,"When three childhood best friends pull a prank that goes wrong, they invent the imaginary Ricky Stanicky to get them out of trouble. Twenty years later, they still use the nonexistent Ricky as a handy alibi for their immature behavior."
Tell Me What You Want,"After his father's death, Eric Zimmerman travels to Spain to oversee his company's branches. In Madrid, he falls for Judith and engage in an intense, erotic relationship full of exploration. Eric fears his secret may end their affair."
Homestead,"Amid chaos, ex-Green Beret joins prepper compound; love grows, truths arise, and a community unites."
Lift,A female master thief and her ex-boyfriend who works for the FBI team up to steal $100M worth of gold bullion being transported on a 777 passenger flight from London to Zurich.
Salem's Lot,"An author returns to his hometown of Jerusalem's Lot in search of inspiration for his next book, only to discover that the townspeople are being attacked by a bloodthirsty vampire."
The Summer Book,"A young girl, Sophia (Emily Matthews) spends the summer with her father (Anders Danielsen Lie) and grandmother (Glenn Close) on a small island in the Gulf of Finland, as the family grapples with the recent death of Sophia's mother."
Ghostbusters: Frozen Empire,"When the discovery of an ancient artifact unleashes an evil force, Ghostbusters new and old must join forces to protect their home and save the world from a second ice age."
The Room Next Door,"Ingrid and Martha were close friends in their youth, when they worked together at the same magazine. After years of being out of touch, they meet again in an extreme but strangely sweet situation."
Monkey Man,An anonymous young man unleashes a campaign of vengeance against the corrupt leaders who murdered his mother and continue to systematically victimize the poor and powerless.
Reunion,"Snowbound at their high school reunion, former classmates uncover a murder and scramble to identify the killer among them before they're all iced out for good."
Spaceman,"Half a year into his solo mission on the edge of the solar system, an astronaut concerned with the state of his life back on Earth is helped by an ancient creature he discovers in the bowels of his ship."
Better Man,"A singular profile of pop superstar Robbie Williams, chronicling his meteoric rise, dramatic fall, and remarkable resurgence."
All of You,A stirring near-futuristic romance of two best friends who harbor an unspoken love for one another even after a test matches one of them up with their supposed soulmate.
Nightbitch,"A woman pauses her career to be a stay-at-home mom, but soon her domesticity takes a surreal turn."
The Salt Path,A couple lose their home and later discover the husband has been diagnosed with a terminal illness as they embark on a year long coastal trek.
Parthenope,"A woman born in the sea of Naples in 1950 searches for happiness over the long summers of her youth, falling in love with her home city and its many memorable characters."
The Killer,"After being betrayed by her master, a disillusioned assassin takes one final shot with the intention of using the money to help a musician she accidentally blinded regain vision."
Thelma,"When 93-year-old Thelma Post gets duped by a phone scammer pretending to be her grandson, she sets out on a treacherous quest across the city to reclaim what was taken from her."
Ick,"Science teacher Hank's life changes when he reconnects with his first love and suspects a new student is his daughter, all while facing an alien threat in their town."
No Other Land,This film made by a Palestinian-Israeli collective shows the destruction of the occupied West Bank's Masafer Yatta by Israeli soldiers and the alliance which develops between the Palestinian activist Basel and Israeli journalist Yuval.
Bramayugam,"Thevan, a folk singer of the Paanan caste, has a fateful encounter when escaping slavery, leading to him discovering an ancient traditional mansion altering his destiny."
Queer,"In 1950s Mexico City, an American immigrant in his late forties leads a solitary life amidst a small American community. However, the arrival of a young student stirs the man into finally establishing a meaningful connection with someone."
Empire Waist,Follows a group of teens learning to love their bodies through inclusive fashion design and friendship.
Fight or Flight,A mercenary takes on the job of tracking down a target on a plane but must protect that target when they're surrounded by people trying to kill both of them.
Your Fault,"Despite their parents' efforts to separate them, Noah and Nick's love seems unbreakable. However, work and college open their lives to new relationships."
The Crow,"Soulmates Eric and Shelly are brutally murdered. Given a chance to save the love of his life, Eric must sacrifice himself and traverse the worlds of the living and the dead, seeking revenge."
A Sacrifice,"American social psychologist Ben Monroe investigates a local cult connected to a disturbing event, while his daughter becomes embroiled with a mysterious local boy."
The Damned,"A 19th-century widow has to make an impossible choice when, during an especially cruel winter, a foreign ship sinks off the coast of her Icelandic fishing village."
The Deliverance,"An Indiana family discovers strange, demonic occurrences that convince them and their community that the house is a portal to hell."
The Six Triple Eight,"During World War II, 855 women joined the fight to fix the three-year backlog of undelivered mail. Faced with discrimination and a country devastated by war, they managed to sort more than 17 million pieces of mail ahead of time."
A Nice Indian Boy,"When Naveen brings his fiancé Jay home to meet his traditional Indian family, they must contend with accepting his white-orphan-artist boyfriend and helping them plan the Indian wedding of their dreams."
On Swift Horses,"Muriel and her husband Lee are about to begin a bright new life, which is upended by the arrival of Lee's brother. Muriel embarks on a secret life, gambling on racehorses and discovering a love she never thought possible."
Incoming,Four freshmen navigate the terrors of adolescence at their first-ever high school party.
Kishkindha Kaandam,"Strange events unfold in a monkey-inhabited village, prompting a newlywed pair and forest officials to embark on a mission to uncover the root cause of the peculiar disturbances."
The Exorcism,A troubled actor begins to exhibit a disruptive behavior while shooting a horror film. His estranged daughter wonders if he's slipping back into his past addictions or if there's something more sinister at play.
Jackpot!,"In the near future, a 'Grand Lottery' has been newly established in California - the catch: kill the winner before sundown to legally claim their multi-billion dollar jackpot."
The Marching Band,A world-famous orchestra conductor discovers the brother he never knew he had — a school cafeteria worker who plays trombone in a local marching band.
Tarot,"When a group of friends recklessly violates the sacred rule of Tarot readings, they unknowingly unleash an unspeakable evil trapped within the cursed cards. One by one, they come face to face with fate and end up in a race against death."
Mean Girls,"Cady Heron is a hit with the Plastics, an A-list girl clique at her new school. But everything changes when she makes the mistake of falling for Aaron Samuels, the ex-boyfriend of alpha Plastic Regina George."
Miller's Girl,A creative writing assignment yields complex results between a teacher and his talented student.
Strange Harvest,"Detectives are thrust into a chilling hunt for ""Mr. Shiny""-a sadistic serial killer from the past whose return marks the beginning of a new wave of grotesque, otherworldly crimes tied to a dark cosmic force."
September 5,"During the 1972 Summer Olympics in Munich, Germany, an American sports broadcasting team must adapt to live coverage of the Israeli athletes being held hostage by a terrorist group."
Young Woman and the Sea,"The story of competitive swimmer Gertrude Ederle, who, in 1926, was the first woman to ever swim across the English Channel."
Kalki 2898 AD,A pregnant woman comes under the protection of an immortal warrior while being tracked down by bounty hunters.
The Union,"Construction worker Mike is thrust into the world of espionage when his high school sweetheart, Roxanne, recruits him for a high-stakes intelligence mission."
Night Swim,"A family moves into a new home, unaware that a dark secret from the house's past will unleash a malevolent force in the backyard pool."
Paddington in Peru,"Paddington returns to Peru to visit his beloved Aunt Lucy, who now resides at the Home for Retired Bears. With the Brown family in tow, a thrilling adventure ensues when a mystery plunges them into an unexpected journey."
Lisa Frankenstein,"A coming of RAGE love story about a teenager and her crush, who happens to be a corpse. After a set of horrific circumstances bring him back to life, the two embark on a journey to find love, happiness - and a few missing body parts."
Ghost Train,A YouTuber with the lowest number of views meets the station master of a mysterious subway station to find the source of a true horror story and encounters several strange stories.
Cuckoo,A 17-year-old is forced to move with her family to a resort where things are not what they seem.
Sleeping Dogs,"An ex-homicide detective with memory loss is forced to solve a brutal murder, only to uncover chilling secrets from his forgotten past."
The Outrun,"After living life on the edge in London, Rona attempts to come to terms with her troubled past. Hoping to heal, she returns to the wild beauty of Scotland's Orkney Islands where she grew up."
Emilia Pérez,"It follows three remarkable women in Mexico, each pursuing their own happiness. Cartel leader Emilia enlists unappreciated lawyer Rita to help fake her death so that she can finally live authentically as her true self."
I Was a Stranger,"Five strangers are pulled together, colliding on a single night where survival is uncertain."
Sidelined: The QB and Me,A headstrong dancer and a cocky quarterback fight against their feelings for each other as their post-grad future threatens to keep them apart.
Eephus,"Grown men's recreational baseball game stretches to extra innings on their beloved field's final day before demolition. Humor and nostalgia intertwine as daylight fades, signaling an era's end."
Manjummel Boys,"A group of friends get into a daring rescue mission to save their friend from Guna Caves, a perilously deep pit from where nobody has ever been brought back."
Big World,"Liu Chunhe, a young man with cerebral palsy, overcomes physical and mental barriers while fulfilling his grandmother's dream and discovering his life's purpose, leading to transformation and a fresh start."
The Surfer,"A man returns to his childhood beach in Australia, but is forced into a fight for survival by a territorial group called the Bay Boys."
Breathe,"An East Flatbush mother and daughter, barely surviving in a world nearly devoid of oxygen, must band together to protect each other when intruders arrive claiming to know the mother's missing husband."
Young Hearts,Elias develops feelings for his new neighbor Alexander. He soon realizes he's falling in love for the first time.
Arcadian,A father and his twin teenage sons fight to survive in a remote farmhouse at the end of the world.
Azrael,"In a world where no one speaks, a devout female-led community hunts down a young woman who has escaped imprisonment. Recaptured, Azrael is due to be sacrificed to an ancient evil in the wilderness, but fights for her own survival."
The Last Showgirl,A seasoned showgirl must plan for her future when her show abruptly closes after a 30-year run.
The Platform 2,"A thrilling physical journey that allows an approach to the darkness, where it is scary to look. It appeals to the viewer's civil responsibility and forces them to face the limits of their own solidarity."
Drive-Away Dolls,"Jamie regrets her breakup with her girlfriend, while Marian needs to relax. In search of a fresh start, they embark on an unexpected road trip to Tallahassee. Things quickly go awry when they cross paths with a group of inept criminals."
Kneecap,"When fate brings Belfast teacher JJ into the orbit of self-confessed ""low life scum"" Naoise and Liam Óg, the needle drops on a hip hop act like no other. Rapping in their native Irish, they lead a movement to save their mother tongue."
Rats!,"In Fresno, Texas, graffiti artist Raphael's arrest leads to his involvement in a chain of events involving a sting operation, suicide, drug deals, criminal suspicions, weapons, a newswoman, and a plutonium deal gone wrong, creating chaos."
The First Omen,"A young American woman is sent to Rome to begin a life of service to the church, but encounters a darkness that causes her to question her faith and uncovers a terrifying conspiracy that hopes to bring about the birth of evil incarnate."
Memoir of a Snail,"A bittersweet memoir of a melancholic woman called Grace Pudel - a hoarder of snails, romance novels, and guinea pigs."
Atlas,"In a bleak-sounding future, an A.I. soldier has determined that the only way to end war is to end humanity."
The Unholy Trinity,Buried secrets of an 1870s Montana town spark violence when a young man returns to reclaim his legacy and is caught between a sheriff determined to maintain order and a mysterious stranger hell-bent on destroying it.
The Penguin Lessons,A disillusioned Englishman who goes to work in a school in a divided Argentina in 1976 finds his life transformed when he rescues an orphaned penguin from the beach.
Suncoast,"While caring for her brother along with her audacious mother, a teenager strikes up a friendship with an eccentric activist who is protesting one of the most landmark medical cases of all time."
The Garfield Movie,"After Garfield's unexpected reunion with his long-lost father, ragged alley cat Vic, he and his canine friend Odie are forced from their perfectly pampered lives to join Vic on a risky heist."
Warriors of the Wasteland,"After the Last War, the truth lies in the eye of an ancient sword. Solitary drifter John traverses the dangerous wastelands, searching for his sister and the man who kidnapped her. The city waits."
Damaged,Chicago detective Dan Lawson travels to Scotland to link up with Scottish detective Glen Boyd following the resurgence of a serial killer whose crimes match an unsolved case he investigated 5 years previously.
Freaky Tales,"Four interconnected stories set in 1987 Oakland, CA. will tell about the love of music, movies, people, places and memories beyond our knowable universe."
How to Make Millions Before Grandma Dies,"A man, driven by his desire for a multi-million dollar inheritance, begins to care for his terminally ill grandmother. However, winning her favor will not be an easy task and he is not the only one with an eye on the money."
2073,A woman living in a ruined Earth tries to comprehend how the world was destroyed.
A Family Affair,"A surprising romance kicks off comic consequences for a young woman, her mother, and her movie-star boss as they face the complications of love, sex, and identity."
"Husband, Father, Killer: The Alyssa Pladl Story","Alyssa has a relationship with abusive Steven as a teen, has his child but gives it up for adoption. Years later, their daughter seeks them out, and Steven manipulates her into an affair, neglecting his family."
The Wonderful Story of Henry Sugar and Three More,Four tales unfold in writer-director Wes Anderson's anthology of short films adapted from Roald Dahl's beloved stories.
The Seed of the Sacred Fig,"An investigating judge struggles with paranoia amid political unrest in Tehran caused by the death of a young woman. When his gun goes missing, he suspects his wife and daughters, imposing harsh measures that fray family ties."
Imaginary,A woman returns to her childhood home to discover that the imaginary friend she left behind is very real and unhappy that she abandoned him.
The Killer's Game,"When a hitman is diagnosed with a terminal illness, he decides to take a hit out on himself. But when the very hitmen he hired also target his ex-girlfriend, he must fend off an army of assassin colleagues."
Beverly Hills Cop: Axel F,Axel Foley returns to Beverly Hills after his daughter's life is threatened for a family reunion that includes old pals John Taggart and Billy Rosewood to uncover a conspiracy.
Look Back,"The overly confident Fujino and the shut-in Kyomoto couldn't be more different, but a love of drawing manga brings these two small-town girls together."
Back to Black,"The life and music of singer Amy Winehouse, through the journey of adolescence to adulthood and the creation of one of the best-selling albums of our time."
Brothers,"Two criminal twin brothers, one who is trying to reform, embark on a dangerous heist road trip. Facing legal troubles, gunfights, and family drama, they must reconcile their differences before their mission leads to self-destruction."
La Cocina,"In the heart of a bustling Times Square kitchen, dreams and desperation collide as the staff each chase the elusive American dream."
Blitz,The stories of a group of Londoners during the German bombing campaign of the British capital during World War II.
Joy,"3 trailblazers: a young nurse, a visionary scientist and an innovative surgeon face opposition from the church, state, media, and medical establishment in their pursuit of the world's first 'test tube baby,' Louise Joy Brown."
Maria,"Maria Callas, the world's greatest opera singer, lives the last days of her life in 1970s Paris, as she confronts her identity."
Sacramento,"An energetic and free-spirited young man convinces his long-time friend, who's settled into domestic life, to go on an impromptu road trip from Los Angeles to Sacramento."
The Friend,"When a solitary writer adopts and bonds with a Great Dane that belonged to a late friend, she begins to come to terms with her past and her own creative inner life."
Lover Stalker Killer,"In this twisting documentary, a mechanic tries online dating for the first time and meets a woman who takes romantic obsession to a deadly extreme."
Shelby Oaks,A woman's obsessive search for her missing sister leads her into a terrifying mystery at the hands of an unknown evil.
Bob Trevino Likes It,"When lonely 20-something Lily Trevino accidentally befriends a stranger online who shares the same name as her own self-centered father, encouragement and support from this new Bob Trevino could change her life."
Anweshippin Kandethum,Revolves around two major crimes that shook kerala and the subsequent inquiry into the cases by sop.
The Shadow Strays,"Codename 13, a 17-year-old assassin, is suspended due to a sloppy mission in Japan. She meets 11-year-old Monji, who loses his mother, and sets out to rescue him."
Emmanuelle,"In search of a lost pleasure, Emmanuelle travels alone to Hong Kong on a business mission. In the vibrant and sensual global city, she indulges in intense encounters and new experiences."
Lost on a Mountain in Maine,"A 12-year-old boy, separated from his family by a fast-moving storm, must fight to stay alive during his nine-day adventure lost in the backwoods of Maine."
Heresy,"In a medieval Dutch village, a young woman is caught between her faith, fanatic townsfolk and the dark forces lurking in the woods."
Get Away,A family's vacation to a remote getaway takes an unexpected turn when they discover that the island they're on is inhabited by a serial killer.
Hellboy: The Crooked Man,"Hellboy and a rookie B.P.R.D. agent in the 1950s are sent to the Appalachians, where they discover a remote community dominated by witches and led by the sinister local demon, the Crooked Man."
The Girl with the Needle,"Copenhagen 1919: A young worker finds herself unemployed and pregnant. She meets Dagmar, who runs an underground adoption agency. A strong connection grows but her world shatters when she stumbles on the shocking truth behind her work."
Space Cadet,"Rex, a Florida party girl, turns out to be the only hope for the NASA space program after a fluke puts her in training with other candidates who may have better resumés, but don't have her smarts, heart, and moxie."
Lazareth,"Lee protects her orphaned nieces Imogen and Maeve from a self-destructing world, raising them in isolation until an outsider threatens their peaceful existence."
Unfrosted,"In 1963 Michigan, business rivals Kellogg's and Post compete to create a cake that could change breakfast forever."
MadS,"A teenager stops off to see his dealer to test a new drug before heading off for a night of partying. On the way home, he picks up an injured woman and the night takes a surreal turn."
Monkey's Magic Merry Go Round,"A children's TV show host, ensnared in a case of amnesia, must confront his missing memories as his puppet co-stars turn on him."
The Thicket,"When a bounty hunter and a band of unlikely heroes pursue a brutal killer, they find themselves in a deadly no-man's-land known as The Thicket."
Rebel Moon - Part Two: The Scargiver,"Kora and surviving warriors prepare to defend Veldt, their new home, alongside its people against the Realm. The warriors face their pasts, revealing their motivations before the Realm's forces arrive to crush the growing rebellion."
Out of My Mind,"Melody Brooks is navigating sixth grade as a nonverbal wheelchair user who has cerebral palsy. With the help of some assistive technology and her devoted allies, Melody shows that what she has to say is more important than how she says it."
Amber Alert,A ride-share turns into a high-stakes game of cat and mouse after it follows a car fitting the description of an AMBER ALERT.
Uglies,A world in which a compulsory operation wipes out physical differences and makes everyone pretty.
Role Play,"Emma has a wonderful husband and two kids in the suburbs of New Jersey. She also has a secret life as an assassin for hire, a secret that her husband Dave discovers when the couple decide to spice up their marriage with a little role play."
Fighter,A reckless yet brilliant squadron leader and his team of elite fighter pilots face mortal dangers and inner demons as they unite for a deadly mission.
The Luckiest Man in America,May 1984. An unemployed ice cream truck driver steps onto the game show Press Your Luck harboring a secret: the key to endless money. But his winning streak is threatened when the bewildered executives uncover his real motivations.
The Remarkable Life of Ibelin,"Mats Steen, a Norwegian gamer, died of a degenerative muscular disease at the age of 25. His parents mourned what they thought had been a lonely and isolated life, when they started receiving messages from online friends around the world."
Daddy's Head,A boy and his stepmother fear for their safety after an eerie creature resembling the boy's recently deceased father visits them.
Solo Leveling: ReAwakening,"Over a decade after 'gates' connecting worlds appeared, awakening 'hunters' with superpowers, weakest hunter Sung Jinwoo encounters a double dungeon and accepts a mysterious quest, becoming the only one able to level up, changing his fate."
Orion and the Dark,"A boy with an active imagination faces his fears on an unforgettable journey through the night with his new friend: a giant, smiling creature named Dark."
Cocorico,"The daughter of the Bouvier-Sauvage family of aristocrats is in love with the son of a Peugeot dealer. When the children announce their marriage, the aristocratic family does not agree."
The End,"In a luxurious bunker, a family maintains their pre-apocalyptic routines 25 years after Earth's ecological disaster made the surface uninhabitable."
Time Cut,High school student accidentally travels back to 2003 and decides to stop the serial killer who murdered her sister.
The Radleys,"A seemingly ordinary family actually has a dark secret: they are vampires. They choose not to drink blood despite their natural cravings, but their truth is revealed one day."
Never Let Go,A family that has been haunted by an evil spirit for years. Their safety and their surroundings come into question when one of the children questions if the evil is real.
The Forge,"After graduating from high school without any plans for the future, Isaiah receives a push to start making better life decisions."
Apocalypse Z: The Beginning of the End,"Manel is sheltering from a rabies-like disease which sweeps the planet, until he is forced to leave and meet unlikely but essential traveling companions."
Apartment 7A,"A struggling young dancer finds herself drawn in by dark forces when a peculiar, well-connected older couple promise her a shot at fame."
Scoop,"An insider account of how BBC Newsnight obtained the bombshell interview with Prince Andrew about his friendship with convicted sex offender, Jeffrey Epstein."
Unstoppable,"Centers around the life of wrestler Anthony Robles, who was born with one leg and won a national championship in 2011 while competing at Arizona State University."
Lucky Baskhar,A cash-strapped cashier working at a bank embarks on a risky investment scheme and soon gets drawn into the murky world of money laundering.
Sunrise,"A man, Fallon (Alex Pettyfer) roams the land as a creature of the night as he comes to terms with tragic loss of his family at the hands of a brutal demagogue, Reynolds (Guy Pearce)."
Familiar Touch,"An octogenarian woman transitions to life in assisted living as she contends with her conflicting relationship to herself and her caregivers amidst her shifting memory, age identity, and desires."
Under Paris,"To save Paris from a bloodbath, a grieving scientist is forced to face her tragic past when a giant shark appears in the Seine."
Rich Flu,"As Laura's career peaks, a deadly virus targets the rich. As panic erupts and society turns on the 1%, she must fight to protect her family in a world where wealth becomes a death sentence."
F*** Marry Kill,"As a serial killer targets women on dating apps, a true-crime junkie must figure out which of her three dates is a f-boy, marriage material, or is trying to kill her."
Nr. 24,"Young apprentice Gunnar Sønsteby from Rjukan decides to resist Nazi-Germany on the day of the invasion to later become the leader of the ""Oslo-gang"" carrying out countless daring acts of sabotage making him Norway's greatest war hero."
Killer Heat,"Follows twin brothers who find themselves in a dangerous love triangle on an isolated Greek island. The investigation is given to ""The Jealousy Man,"" a wounded detective."
The Devil's Bath,"Austria in the 18th century. Forests surround villages. Killing a baby gets a woman sentenced to death. Agnes readies for married life with her beloved. But her mind and heart grow heavy. A gloomy path alone, evil thoughts arising."
Y2K,Two high-school nobodies make the decision to crash a Y2K party. The night becomes even crazier than they could have ever dreamed when the clock strikes midnight.
Dirty Angels,It centers on a group of female soldiers who disguise themselves as medics to rescue a group of teenagers caught between ISIS and the forces of the Taliban.
On Falling,"The story focuses on Aurora, a Portuguese worker in a Scottish warehouse, navigating loneliness and alienation in an algorithm-driven gig economy as she seeks meaning and connection amidst solitude and workplace confines."
Twilight of the Warriors: Walled In,"Follows troubled youth Chan Lok-kwun as he accidentally enters the Walled City, discovers the order amidst its chaos, and learns important life lessons along the way."
Dìdi,"In 2008, during the last month of summer before high school begins, an impressionable 13-year-old Taiwanese American boy learns what his family can't teach him: how to skate, how to flirt, and how to love your mom."
Mahavatar Narsimha,The demon Hiranyakashyap seeks revenge on Vishnu and declares himself a god. His son Prahlad remains devoted to Vishnu. Vishnu manifests as Narsimha to defeat the demon and restore balance.
Bird,"Bailey lives with her brother Hunter and her father Bug, who raises them alone in a squat in northern Kent. Bug doesn't have much time to devote to them. Bailey looks for attention and adventure elsewhere."
Succubus,"A new father struggling with fatigue, emotional insecurities, and a failing marriage joins a dating app, only to swipe right on what may be an inhuman presence."
Riff Raff,A former criminal's ordinary life is turned upside down when his old family shows up for a long-awaited reunion.
Mon Potongo,"Two young outcasts from different faiths dream of owning a luxury armchair they see in a store window. Working as laborers in the big city, they fight against social barriers and poverty to make their shared dream come true."
Wallace & Gromit: Vengeance Most Fowl,Top dog Gromit springs into action to save his master when Wallace's high-tech invention goes rogue and he is framed for a series of suspicious crimes.
My Favourite Cake,"Seventy-year-old Mahin, solitary until now, chooses to revive her love life. A chance encounter becomes an unforgettable evening."
Turtles All the Way Down,A teenager with OCD tries to solve a mystery surrounding a fugitive billionaire.
The Shrouds,"Karsh, an innovative businessman and grieving widower, builds a device to connect with the dead inside a burial shroud."
The Stickman's Hollow,A series of mysterious and savage murders plague an area of remote wilderness known for its insidious past.
Premalu,"Sachin's quest for love takes unexpected turns, creating a laughter-filled love triangle."
Monster Summer,"When a mysterious force begins to disrupt their big summer fun, a group of friends team up with a retired police detective to embark on an adventure to save their island."
Sector 36,"A fictional story Inspired by true events, several children go missing from a basti (slum) in Sector 36. A determined police officer must now face off with a cunning serial killer as a chilling investigation and dark secrets unfold."
Watchmen: Chapter I,"In 1985, the murder of a government sponsored superhero draws his outlawed colleagues out of retirement and into a mystery that threatens to upend their personal lives and the world itself."
U Are the Universe,"After Earth explodes, Ukrainian space trucker Andriy Melnyk becomes the last person in the universe until he receives a call from Catherine, a French woman on a distant space station. Despite the obstacles, Andriy decides to find her."
The Day the Earth Blew Up: A Looney Tunes Movie,Porky Pig and Daffy Duck are Earth's only hope when facing the threat of alien invasion.
Bob Marley: One Love,"The story of how reggae icon Bob Marley overcame adversity, and the journey behind his revolutionary music."
Queen of the Ring,"In a time when pro wrestling for women was illegal all over the United States, a small town single mother embraces the danger as she dominates a peculiar American niche entertainment industry & becomes the first millionaire female athlete."
Yodha,"After terrorists hijack a passenger plane, an off-duty soldier aboard devises a strategy to defeat the hijackers and ensure the passengers' survival when the engine fails."
All We Imagine as Light,"In Mumbai, Nurse Prabha's routine is troubled when she receives an unexpected gift from her estranged husband. Her younger roommate, Anu, tries in vain to find a spot in the city to be intimate with her boyfriend."
In a Violent Nature,"When a locket is removed from a collapsed fire tower in the woods that entombs the rotting corpse of Johnny, a vengeful spirit spurred on by a horrific 70-year old crime, his body is resurrected and becomes hellbent on retrieving it."
The Sabarmati Report,"A Hindi reporter struggles with a deadly fact when a train full of Karsewaks is set ablaze in Godhra. Years later, he is asked to help expose the Sabarmati Incident backed by a buried report."
The Punisher: Nightmare,"Haunted by the brutal loss of his family, Frank-once an early husband, father, and Marine-is consumed by grief and transformed into a relentless vigilante. After two years of trying to escape his violent past and find peace, a new wave of bloodshed forces him back into the fight. At the start of his dark crusade, he must confront the toll of his vengeance-not just in the streets but within his own soul."
Sketch,"When a young girl's sketchbook falls into a strange pond, her drawings come to life-chaotic, real and on the loose. As the town descends into chaos, her family must reunite and stop the monsters they never meant to unleash."
Touch,"A romantic and thrilling story that spans several decades and continents; Touch follows one man's emotional journey to find his first love who disappeared 50 years ago, before his time runs out."
Rust,An orphaned boy of 13 left to fend for himself and his younger brother in 1880s Wyoming is sentenced to hang for the accidental killing of a local rancher. His estranged grandfather breaks him out of jail and they go on the run to Mexico.
Aftermath,"A returning war veteran, stricken with PTSD, unwittingly gets trapped with his teenage sister on Boston's Tobin Memorial Bridge as a heavily weaponized group of ex-military revolutionists take everyone hostage."
Barron's Cove,"After his son is killed, a father abducts the child responsible, hellbent on revenge."
Greedy People,Follows the residents of a small island town who must navigate a sensational murder and the discovery of a million dollars; a series of increasingly bad decisions upend the once peaceful community.
Lembayung,Pica and Arum were still doing practical field work (PFW) at that time. They underwent PFW at the dental clinic in a small hospital in Central Java.
Cabrini,"After witnessing disease and poverty in the slums of New York, Italian immigrant Francesca Cabrini embarks on a daring journey to persuade the hostile mayor to provide housing and healthcare for hundreds of orphaned children."
Old Guy,"Follows a contract killer facing the end of his career who is thrilled when The Company pulls him back into the field training Gen Z newcomer Wihlborg, a prodigy assassin with an attitude."
Meiyazhagan,A man's life is changed when he bumps into someone from his hometown in this moving Tamil-language drama; gentle scenes are occasionally punctuated by sporting threat and recollections of violence.
William Tell,"The narrative unfolds in the 14th Century amidst the days of the Holy Roman Empire where Europe's nations fiercely vie for supremacy and the ambitious Austrians, desiring more land, encroach upon Switzerland, a serene and pastoral nation."
The Tearsmith,Sometimes our greatest fear is accepting that someone can honestly love us for who we are. Nica and Rigel are ready to find it out together.
Aavesham,Three teenagers reach Bangalore for their engineering degree and gets involved in a fight with seniors. They find a local gangster named Ranga to help them take revenge.
Harold and the Purple Crayon,"Inside of his book, adventurous Harold can make anything come to life simply by drawing it. After he grows up and draws himself off the book's pages and into the physical world, Harold finds he has a lot to learn about real life."
No Way Up,Characters from different backgrounds are thrown together when the plane they're travelling on crashes into the Pacific Ocean. A nightmare fight for survival ensues with the air supply running out and dangers creeping in from all sides.
Romance on the Ranch,"Sara sells her place and buys a camper to find happiness. Her truck breaks down, and she meets two brothers, Porter and Aiden, who smitten with her and soon she begins to have feelings for them both."
Lowlifes,The survival instincts of a road-tripping family are put to the test when they have no other choice but to stay the night at a remote homestead.
Winter Spring Summer or Fall,"Remi and Barnes, two very different teenagers, meet by chance in the winter of their senior year, then spend four days together over the course of a year that will change their lives forever."
Four Letters of Love,"Based on Niall Williams' best-selling novel. Nicholas and Isabel were made for each other but how will they ever know it? As ghosts, fate and the sheer power of true love pull them together, so too does life threaten to tear them apart."
Pushpa: The Rule - Part 2,"As his smuggling empire grows, a brazen Pushpa longs for power and respect on his vengeful journey, while facing old rivals and new."
Force of Nature,Five women participate in a hiking retreat but only four come out the other side. Federal agents Aaron Falk and Carmen Cooper head into the mountains hoping to find their informant still alive.
The Trainer,"Follows Jack, a fitness expert living with his mother in Los Angeles, who takes a maniacal swing at fame and fortune pursuing his version of the American dream."
Don't Let's Go to the Dogs Tonight,Depicts 8-year-old Bobo's life on her family's Rhodesian farm during the Bush War's final stages. It explores the family's bond with Africa's land and the war's impact on the region and individuals through Bobo's perspective.
Souleymane's Story,A Paris food delivery cyclist and asylum seeker named Souleymane has two days to prepare his story for a make-or-break interview to secure legal residency.
Cloud,"Yoshii, a young man who resells goods online, finds himself at the center of a series of mysterious events that put his life at risk."
Kali,"Lisa, aka Kali, who has nothing left to lose when she finds out her husband has been executed in Rio to cover up a corruption scandal. A former Special Forces recruit, she heads to Brazil with fists, blood and explosives, to Know the truth"
Our Little Secret,Two resentful exes must awkwardly spend Christmas together after they learn that their new partners are siblings.
Sebastian,"Max, a 25-year-old aspiring writer living in London, begins a double life as a sex worker in order to research his debut novel."
Nickel Boys,A powerful friendship develops between two young Black men as they navigate the harrowing trials of reform school together.
Tycoon,"In Miami, Natalie Boyle accepts an offer from Leroy Blake to surrender her decisions for a year in return for money, not realizing the cost."
The Silent Hour,A detective with hearing loss and a deaf witness to a murder must lean on each other to outsmart killers they can't hear coming when cornered in an abandoned apartment block.
The Rule of Jenny Pen,"Confined to a secluded rest home and trapped within his stroke-ridden body, a former Judge must stop an elderly psychopath who employs a child's puppet to abuse the home's residents with deadly consequences."
Justice League: Crisis on Infinite Earths - Part Three,"Trapped in a pocket universe, surviving Earths face annihilation by the Anti-Monitor. Time shatters, bringing past heroes to aid Justice League against the epitome of evil. Their sacrifice may lead to victory."
Will & Harper,"In this intimate portrayal of friendship, transition and America, Will Ferrell and his close friend of thirty years decide to go on a cross-country road trip to explore a new chapter in their relationship."
Article 370,"Ahead of a major constitutional decision, special agent Zooni Haksar is tasked with a secret mission to quell violence in a conflict-ridden region."
Reagan,"A drama based on the life of Ronald Reagan, from his childhood to his time in the oval office."
Captain Miller,A man leaves and turns against the British-led Indian military after witnessing atrocity.
The 4:30 Movie,A group of teens in the 1980s spend the day theater-hopping.
Dreams,"Johanne documents her intense crush on her french teacher. Her mother, grandmother end up reading these intimate writings. They're both horrified by the contents but taken by the powerful writing and story. Johanne navigates romantic ideals vs reality, exploring emotions of self-discovery, love, sexuality."
The American Society of Magical Negroes,A young man is recruited into a secret society of magical black people who dedicate their lives to a cause of utmost importance: making white people's lives easier.
Ponyboi,"Unfolding over the course of Valentine's Day in New Jersey, a young intersex sex worker must run from the mob after a drug deal goes sideways, forcing him to confront his past."
I Wish You All the Best,"After being kicked out of the house by their parents, a teen embarks upon a journey of self-discovery that teaches them about love, friendship, and family."
Justice League: Crisis on Infinite Earths - Part One,"The Anti-Monitor, the Monitor's evil counterpart, is released into the DC Multiverse and begins to destroy the different Earths that compose it. The Monitor attempts to recruit heroes from across the Multiverse to fight back."
V/H/S/Beyond,"Six bloodcurdling tapes unleash horror in a sci-fi inspired hellscape, pushing the boundaries of fear and suspense."
Hidden Face,"Seong-jin, a conductor, and Su-yeon, a cellist, are engaged. Su-yeon disappears, leaving a video. Mi-joo replaces Su-yeon and develops a secret relationship with Seong-jin. They feel watched as their bond deepens."
Sweethearts,"Two college freshmen pull a ""Turkey Dump"" and break up with their high school sweethearts over ""Drunksgiving"" - the one chaotic night before Thanksgiving in their hometown that puts their codependent friendship to the test."
Uprising,"In the Joseon Dynasty, two friends who grew up together, one the master and one the servant, reunite post-war as enemies on opposing sides."
Long Distance,"It follows an asteroid miner who, after crash-landing on an alien planet, must make his way across the harsh terrain, running out of oxygen, hunted by strange creatures, to the only other survivor."
Alienoid: The Return to the Future,"Pursuit of a divine sword drives Taoist time travelers, aliens, and bounty hunters across eras. Lee Ahn races to rescue trapped allies while an alien Controller unleashes Haava, leaving present day Earth in ruin."
Scared Shitless,"A plumber and his germophobic son are forced to get their hands dirty to save the residents of an apartment building, when a genetically engineered, blood-thirsty creature escapes into the plumbing system."
Good One,"During a weekend backpacking trip in the Catskills, 17-year-old Sam navigates the clash of egos between her father and his oldest friend."
Baby John,Revolves around a DCP who transforms and travels to a different place in order to safeguard his family.
Your Letter,"A bullied girl transfers schools hoping for peace, but her past trauma isolates her-until she discovers a series of secret letters hidden around the school, leading her on a mysterious quest to uncover their sender's true intent."
Secret Mall Apartment,"In 2003, eight Rhode Islanders created a secret apartment inside a busy mall and lived there for four years, filming everything along the way. Far more than a prank, the secret apartment became a deeply meaningful place for all involved."
Our Crossroads,"Ian arrives to shoot a portrait of Barbara and Bob Fraley, who took in six orphaned children after their parents died in accident. Through flashbacks, Ian witnesses their struggle for guardianship and faith, challenging his own skepticism."
The Children's Train,A seven-year-old boy named Amerigo who in 1946 leaves his impoverished family in Naples and gets on a train to go live with a wealthier family in the north as part of a postwar initiative to rescue children from poverty.
Winnie-the-Pooh: Blood and Honey 2,"Not wanting to live in the shadows any longer, Winnie-the-Pooh, Piglet, Owl, and Tigger take their fight to the town of Ashdown, leaving a bloody trail of death and mayhem in their wake."
Colors of Evil: Red,"When a girl's body is found on a beach in Poland's Tricity, a prosecutor teams up with the victim's mother on an impassioned quest for the truth."
Classified,A career CIA hitman who's been solely using the classified section of various newspapers to receive his orders suddenly discovers that his division's actually been shut down for years.
Dilig,"About to get married to an old, wealthy businessman, Resa enlists the help of gardener Otso to seduce her fiancé's daughter, Katelyn, and record his sexploits with her in order to get her disowned."
Afraid,The Pike family is selected to test a new home device: a digital assistant called AIA. AIA learns the family's behaviors and begins to anticipate their needs. And she can make sure nothing - and no one - gets in her family's way.
The Corpse Washer,"Lela, a mortician, grapples with uncovering the truth behind her mother's mysterious deaths while haunted by spirits and burdened by the weight of untold secrets."
The Goat Life,"An Indian man seeking work follows a job lead to Saudi Arabia, only to find himself forced to labor without pay as a goat herder in the remote desert."
Skincare,"Famed aesthetician Hope Goldman's skincare business faces sabotage when rival Angel Vergara opens a boutique across the street. Aided by friend Jordan, Hope seeks to uncover who's trying to ruin her reputation."
72 Hours,"Two brothers, one an FBI agent and the other an international money launderer, put aside their differences and band together to save their family by going after a perilous extraction deep in kingpin territory."
Lonely Planet,"At a retreat in Morocco, a woman meets a young man whose acquaintanceship evolves into an intoxicating, life-altering love affair."
Thalavan,"Retired Dysp Udhayabhanu narrates events of his professional life in a TV program. He reveals the intriguing details of the 'Chepanamthota case', a milestone event in his career."
Find Me Falling,"After a failed comeback album, rock star John Allman escapes to a dreamy Mediterranean island, only to discover that his new cliffside home has an unfortunate notoriety that attracts unwanted visitors and an old flame."
What Happened to Dorothy Bell?,"Ozzie Gray video documents her investigation into the traumatic events from her early childhood, which involved her late grandmother, Dorothy Bell."
Lilies Not for Me,"A gay novelist and his psychiatric nurse bond over a series of ""dates"" prescribed to ""cure"" his homosexuality. He tells her how his previous relationship degenerated when his partner tried a risky procedure to become heterosexual."
Rob Peace,"Based on a true story, a brilliant young man puts his bright future at risk to help his father."
Vermiglio,"1944, Vermiglio, a remote mountain village. The arrival of Pietro, a deserter, into the family of the local teacher, and his love for the teacher's eldest daughter, will change the course of everyone's life."
Black Dog,"Released from jail, Lang returns to his hometown in Northwest China. As part of a dog patrol tasked with clearing stray dogs before the 2008 Olympics, he bonds with a black stray. The two lonely souls embark on a new journey together."
The Astronaut Lovers,"Pedro returns to Argentina to spend the holidays with friends and family. He meets up with Maxi, a childhood friend who attracts him. Both engage in a playful game of flirtation and seduction."
King Ivory,"Based upon extensive research with law enforcement, gangs, inmates, migrants, and addicts, an exposé on fentanyl trafficking, and its effect on all walks of life."
Midas Man,"On Thursday 9 November 1961, a man named Brian descended the stairs to a cellar in Liverpool and changed the world forever."
Handsome Guys,"Self-proclaimed tough guys 'Jae-pil' and 'Sang-gu' move into their dream European-style house. When unwanted visitors arrive, awakening an evil spirit hitherto sealed in the basement, a dark aura begins to envelop the house."
My Penguin Friend,"Inspired by a true story; an enchanting adventure about a lost penguin rescued from an oil spill, who transforms the life of a heartbroken fisherman. They soon become unlikely friends, so bonded that even the vast ocean cannot divide them."
Stree 2,"After the events of Stree, the town of Chanderi is being haunted again. This time, women are mysteriously abducted by a terrifying headless entity. Once again, it's up to Vicky and his friends to save their town and loved ones."
Bibi Rajni,"A true event-based thought, who always had faith in Waheguru (God). The Masterpiece, which is designed for people of all ages, is a complete family watch for those wanting to learn and know about Sikhism heritage. Plot by: Tejpal Pataria"
Mr. K,"After spending the night in a remote hotel, Mr. K is stuck in a claustrophobic nightmare when he discovers that he can't leave the building."
Mother of the Bride,Lana's daughter Emma returns from London and announces that she's getting married next month. Things become more complicated when Lana learns that the man who stole Emma's heart is the son of the man who broke hers years ago.
Ahsoka: The Patterson Cut,"Former Jedi Ahsoka Tano investigates Imperial remnants seeking to resurrect Grand Admiral Thrawn, who vanished with Jedi Ezra Bridger. This fan edit condenses the 2023 series' eight episodes into a two-and-a-half hour film."
Superboys of Malegaon,"The journey of an aspiring filmmaker as he bands together his group of friends to make a film for his town, Malegaon."
Goodrich,"Andy Goodrich's life is upended when his wife enters a rehab program, leaving him on his own with their young kids. Goodrich leans on Grace, his daughter from his first marriage, as he ultimately evolves into the father she never had."
This Time Next Year,"Minnie and Quinn are born on the same day, one minute apart. Their lives may begin together, but their worlds couldn't be more different. Years later they find themselves together again. Maybe it's time to take a chance on love."
Misericordia,"Returning to Saint-Martial for his late boss's funeral, Jérémie's stay with widow Martine becomes entangled in a disappearance, a threatening neighbor, and an abbot's shady intentions."
Succubus,A group of young people arrives to a remote village where they encounter an ancient spirit - a succubus - that can take human disguise. It feeds on one's deepest fears and brings out the darkest side in people.
5lbs of Pressure,"Trying to start over, Adam searches for redemption as he returns to his old neighborhood to put to rest his demons while the brother of the man he killed seeks revenge."
Amaran,"The life of Major Mukund Varadarajan and is set against the backdrop of the Qazipathri Operation in Shopian, Kashmir, which took place back in 2014."
The Thinking Game,"Chronicles visionary scientist Demis Hassabis' relentless pursuit to crack artificial general intelligence, a journey of extraordinary perseverance."
Hold Your Breath,"In 1930s Oklahoma amid the region's horrific dust storms, a woman is convinced that a sinister presence is threatening her family."
The Piano Lesson,"Follows the lives of the Charles family as they deal with themes of family legacy and more, in deciding what to do with an heirloom, the family piano."
Winner,Winner is a brilliant young misfit from Texas who finds her morals challenged while serving in the U.S. Air Force and working as an NSA contractor.
The Lost Children,"Four Indigenous children are stranded in the Colombian Amazon after their plane crashes. Guided by ancestral knowledge, they're able to survive while awaiting rescue amid the jungle's challenges."
My Dead Friend Zoe,"Engaged in a mysterious relationship with her dead best friend from the Army, a female Afghanistan veteran comes head to head with her Vietnam vet grandfather at the family's ancestral lake house."
Love Me,A post-apocalyptic romance in which a buoy and a satellite meet online and fall in love after the end of human civilization.
Hear Me: Our Summer,A hearing-impaired woman and a motorbike delivery man find connection despite communication barriers. They use metaphors of persevering water birds and trees to represent overcoming obstacles in romance and leading to further commitment.
Humane,"In the wake of an environmental collapse that is forcing humanity to shed 20% of its population, a family dinner erupts into chaos when a father's plan to enlist in the government's new euthanasia program goes horribly awry."
Take My Hand,"At the peak of her career in London, an Australian woman is diagnosed with MS. After losing her job and the death of her husband, she moves home with her three sons, where a chance encounter with a childhood sweetheart changes her life."
Trigger Warning,"A special forces commando returns to her hometown after her father's sudden death, only to run afoul of a violent gang when she starts asking questions."
Ghostlight,"When a construction worker unexpectedly joins a local theater's production of Romeo and Juliet, the drama onstage starts to mirror his own life."
40 Acres,"In a post-apocalyptic world with food scarcity, a Black family of Canadian farmers descended from American Civil War migrants defend their homestead against cannibals trying to seize their resources."
Armor,A father and son working as security guards for an armored truck company encounter a team of would-be robbers while on a bridge. They become trapped and must come up with a plan to escape and ensure their survival.
Drive Back,A couple returning from their engagement party must escape a sinister and seemingly endless road.
Die Alone,Tells the story of a young man who has amnesia. He bands together with a rugged survivalist in a zombie-like outbreak to find his girlfriend.
Spellbound,"Ellian is a tenacious princess who must go on a daring quest to save her family and kingdom after a mysterious spell transforms her parents, the King and Queen of Lumbria, into monsters."
The Point Pleasant Tapes,"In 1987, three friends vanish on a road trip to West Virginia. Thirty-four years later, footage of their final moments leaks onto YouTube, forcing viewers to question the existence of an ancient evil within the Appalachian woods."
Amar Singh Chamkila,"Follows the life of pop star duo Amar Singh Chamkila and Amarjot Kaur, whose songs that were social commentaries or devotionals became massive hits in the 80's."
Drugstore June,"After the pharmacy in her small town is robbed, a girl who still lives at home with her parents takes matters into her own hands to solve the crime, while at the same time trying to get over her ex-boyfriend and become more of an adult."
Without Blood,"A parable-like tale exploring themes of family, war, and revenge."
The Greatest Hits,"A love story centering on the connection between music and memory and how they transport us, sometimes literally."
Watchmen: Chapter II,"In an alternate 1985 America, a group of retired superheroes investigate a conspiracy after one of their own is murdered."
Uma Musume: Pretty Derby - Beginning of a New Era,"Uma Musume - they were born to run. Born with names from other worlds, sometimes with strange, sometimes with glorious histories, they inherit the souls of these names and run. Aiming only at the goal beyond our eyes."
Revolver,"An ex-police officer embarks on a single-minded goal upon leaving jail, after serving a sentence for crimes committed under dubious circumstances."
Justice League: Crisis on Infinite Earths - Part Two,The Anti-Monitor (the Monitor's evil counterpart) is released into the DC Multiverse and begins to destroy the different Earths that compose it. The Monitor attempts to recruit heroes from across the Multiverse to fight back.
Beautiful Wedding,"After a crazy night in Las Vegas, Abby and Travis discover that they're married, and they head to Mexico for a honeymoon with friends and family."
Sex,Follows two colleagues who in different ways struggle with the same issues about their sexuality.
Ashes,"A wealthy, married woman falling in love with a mysterious carpenter, which will lead to many conflicts."
Love,"Marianne, a doctor, and Tor, a nurse, avoid relationships. After meeting on a ferry where Tor seeks casual encounters, Marianne explores the possibility of spontaneous intimacy, questioning societal norms."
Bonhoeffer: Pastor. Spy. Assassin.,"As the world teeters on the brink of annihilation, Dietrich Bonhoeffer joins a deadly plot to assassinate Hitler, risking his faith and fate to save millions of Jews from genocide."
Irish Wish,"When the love of Maddie's life gets engaged to her best friend, she puts her feelings aside to be a bridesmaid at their wedding in Ireland."
Sasquatch Sunset,A year in the life of a unique family. It captures the daily life of the Sasquatch with a level of detail and rigor that is simply unforgettable.
Sunlight,"A hilariously dark and unconventional love story, following two people on the edge of life who find purpose and romance through an unlikely connection, escaping the darkness in search of some sunlight."
Música,"A coming-of-age love story that follows an aspiring creator with synesthesia, who must come to terms with an uncertain future, while navigating the pressures of love, family, and his Brazilian culture in Newark, New Jersey."
Harvest,"Over seven hallucinatory days, a village with no name, in an undefined time and place, disappears."
Bougainvillea,A family entangled in a police investigation surrounding the mysterious disappearance of tourists in Kerala.
Canary Black,It follows Avery Graves as she is blackmailed by terrorists into betraying her own country to save her kidnapped husband.
Munjya,"A young man's visit to his native village unveils a family secret and a vengeful spirit, the Munjya, who wants to get married. Now the young man must fight to protect himself and his love from Munjya's clutches."
Last Night on Earth,"Faced with impending doom from a planet-killing asteroid, a couple flee to the hills of Tennessee to spend their last days together - but the chaotic breakdown of society disrupts their peaceful plans."
The Best Christmas Pageant Ever,Nobody is ready for the mayhem and surprises that ensue when six of the worst youngsters disrupt the town's yearly Christmas performance.
Life After Fighting,"A martial arts instructor is confronted with the disappearance of two of his students, leading him into a direct confrontation with a group of international child traffickers."
The Wasp,"Follows Heather and Carla, who meet after having not spoken in years. Heather is about to present a very unexpected proposition that could change their lives forever."
Boneyard,Inspired by the true events of a serial killer that may still be out there today.
Strictly Confidential,"A haunted young woman finds herself drawn into a world of seduction, duplicity and betrayal as she desperately tries to uncover the mystery surrounding her best friend's suicide."
Special Needs Revolt!,"In a future dystopia, a man with Down syndrome joins a rebellion against America's cruel dictator who has put all people with disabilities back into institutions."
Cellar Door,"Looking for a fresh start after a miscarriage, a couple find themselves being gifted the house of their dreams with one caveat - they can never open the cellar door. Whether they can live without knowing triggers shocking consequences."
On Becoming a Guinea Fowl,"On an empty road in the middle of the night, Shula stumbles across the body of her uncle. As funeral proceedings begin around them, she and her cousins bring to light the buried secrets of their middle-class Zambian family."
Family Pack,"When night falls, and the players have their eyes closed, werewolves make victims among the villagers."
The Balconettes,Three women in a Marseille apartment get stuck in a heat wave. They find themselves trapped in a terrifying affair and longing for freedom.
That Christmas,"It's an unforgettable Christmas for the townsfolk of Wellington-on-Sea when the worst snowstorm in history alters everyone's plans, including Santa's."
Marmalade,"Baron teams up with his cellmate Otis to plan an escape, all while remembering how he fell for Marmalade and joined her in a risky bank robbery to support his sick mother and pursue a better future."
Manas,"Aware that the future does not hold many options for her in a riverside community on Marajó Island, a 13-year-old girl decides to confront the violent machinery that governs her family and the women in her community."
The Prosecutor,"A poor young man is wrongly charged with drug trafficking after being deceived. An ex-prosecutor investigates the case, uncovers a corrupt lawyer team's scheme, and restores justice despite obstruction from evil forces."
Paying for It,"When an introverted cartoonist's girlfriend wants to redefine their relationship, he begins sleeping with sex workers and discovers a new kind of intimacy in the process. An adaptation of the Graphic Novel by Chester Brown."
Hard Truths,Ongoing exploration of the contemporary world with a tragicomic study of human strengths and weaknesses.
Bring Them Down,"An Irish shepherding family thrust into battle on several fronts: internal strife, hostility within the family, rivalry with another farmer. Paternalism, heritage, and the generational trauma cycle through the cultural prism of Ireland."
The Girl in the Pool,A well-to-do family man is forced to struggle through a surprise birthday party moments after hiding the murdered corpse of his mistress.
Super/Man: The Christopher Reeve Story,"Reeve's rise to becoming a film star follows with a near-fatal horse-riding accident in 1995 that left him paralyzed from the neck down. After the accident, he became an activist for spinal cord injury treatments and disability rights."
Viva La Vida,"A young woman who needs a kidney transplant wants to marry someone who will be able to donate a kidney, and meets a young man who has a brain disease."
Diamonds,A director calls all his favorite actresses to film a movie set in Rome in the 70s that tells the vicissitudes revolving around a prestigious tailoring.
Marco,"The adoptive son of the Adattu family, Marco, sets off on a ruthless quest for vengeance after his brother is brutally murdered, finding only betrayal, loss and unimaginable brutality at every step."
Sugar Baby,"An enterprising Sugar Baby is offered $30,000 to move in with her Sugar Daddy for the week, but soon discovers the sinister secrets trapped within his home."
Red Right Hand,"Cash is trying to live an honest and quiet life, but when Big Cat forces him back into her services, he proves capable of anything to protect the town and the only family he has left."
Whatever It Takes: Inside the eBay Scandal,"In 2019, a middle-aged couple are subjected to cyberstalking and bizarre deliveries. As the harassment intensifies, the police and FBI close in on a Silicon Valley giant and some very unlikely suspects."
Weekend in Taipei,"A former DEA agent and a former undercover operative revisit their romance during a fateful weekend in Taipei, unaware of the dangerous consequences of their past."
The Southern Chronicles,"It follows Rimants who is more interested in playing rugby, listening to music and dealing on the black market than studying for school, but when he falls in love with Monika, his faith in love and the future is tested."
18×2 Beyond Youthful Days,"Jimmy grows close to Ami, a Japanese backpacker, during one summer, then she leaves suddenly. Years later, a postcard draws him to Japan to face his first love and reflect on who he has become."
Ghost Killer,"After being possessed by the ghost of vengeful hit man Kudo, college student Fumika Matsuoka agrees to help him finish his quest for vengeance from beyond the grave."
Rumours,"The leaders of seven wealthy democracies get lost in the woods while drafting a statement on a global crisis, facing danger as they attempt to find their way out."
Chosen Family,"Yoga teacher Ann is trying to find inner peace despite having a manic family, a miserable dating life, and an inability to say no that keeps her busy trying to fix everyone else's problems."
Yacht Rock: A Dockumentary,"Chronicles the rise of the smooth West Coast sound pioneered by artists like Steely Dan, Toto, and Michael McDonald, exploring its widespread influence."
Gaslit by My Husband: The Morgan Metzer Story,"Morgan's ex-husband Rodney shows up minutes after a masked intruder has assaulted her in her home. Rodney's answers to the authorities' questions don't seem to add up, which makes him the prime suspect in the attack. Based on a true story."
Piece by Piece,"A vibrant journey through the life of Pharrell Williams, told through the lens of Lego animation."
Soundtrack to a Coup d'Etat,Jazz and decolonization are entwined in this historical rollercoaster that rewrites the Cold War episode that led musicians Abbey Lincoln and Max Roach to crash the UN Security Council in protest against the murder of Patrice Lumumba.
Chime,A school teacher is woken by a sound that fills him with dread.
Beating Hearts,"Local rebellious teenager Clotaire falls for his schoolmate Jackie, but gang violence leads him to a darker destructive path. After years apart, the star-crossed lovers discover that every path they've taken leads them back together."
Stream,"The Keenan family's simple weekend getaway truly turns into a vacation to die for, as four deranged killers playing a sadistic game lock down their hotel and compete for the most creative murders of all the guests."
Bedspacer,Janice's steamy obsession to imitate Lexi propels them to campus stardom. But dark secrets blur the lines between authenticity and seductive deception.
The Last Breath,A group of old college friends reunite on a Caribbean scuba diving trip exploring the wreckage of a WWII battleship and find themselves trapped inside the underwater labyrinth of rusted metal surrounded by great white sharks.
Macbeth,"Macbeth encounters witches who foretell his kingship. Lady Macbeth hatches a plot to seize the throne. Guilt and paranoia consume them as rebellion and Lady Macbeth's spiral lead to their downfall, prophecies' sinister unraveling."
Hatiran Yeter,"The story starts from the fact that the world is a silent place for the hearing-impaired Baha. However, his life changes when he meets someone with a similar condition named Leyla. Leyla opens a way for Baha to rediscover the world, and this love turns into Baha's greatest challenge."
The Thundermans Return,"It centers on the family as they begin a new era of superhero crimefighting. When one save goes wrong, the Thundermans are sent back to Hiddenville."
Roti Kapda Romance,"Childhood pals scattered worldwide reconnect after years apart. Together, they road trip across India to Goa, one friend determined to confront his ex who broke his heart and show her the mistake she made."
Escape from the 21st Century,"In 1999, three Chinese teenagers are firmly convinced that all their problems will be solved once they grow up. But a particular incident turns their world upside down."
Crossing,"Lia, a retired teacher, has promised to find her long-lost niece, Tekla. Her search takes her to Istanbul where she meets Evrim, a lawyer fighting for trans rights, and Tekla starts to feel closer than ever."
Unit 234,"After the shocking discovery of an unconscious man in a locked unit, the lone employee of a remote storage facility must fight to survive the night against a ruthless gang, dead set on retrieving their precious cargo - at any cost."
Behind the Lines,Follows a passionate historian who travels the world to find and preserve letters written during times of war.
The Body,"A night watchman escapes from the morgue where he works and is run over. The inspector called to investigate discovers that the body of a recently deceased woman is missing. Questioning the widower, he begins to suspect him."
Werewolves,"After a worldwide pandemic the previous year of people turning into werewolves after a super-moon event, two scientists try to stop the mutation from happening again as part of a team effort, but the experiment goes wildly awry."
Frewaka,"Follow a student of nursing palliative care, who is plagued by a trauma from her past that has a disorienting effect on her present, her relationship, her career and her ability to function."
Sister Midnight,A genre-bending comedy about a frustrated and misanthropic newlywed who discovers certain feral impulses that land her in unlikely situations.
Sookshma Darshini,"Manuel returns with his mother to their former home in a middle-class neighbourhood. Suspicious of his intentions, Priyadarshini and her friends begin gathering clues, convinced he may be hiding something sinister."
The Beldham,"A struggling new mother fights a generations-old presence lurking within her family home, threatening her safety, her sanity, and the life of her infant child."
High Tide,"Heartbroken and adrift, undocumented Brazilian immigrant Lourenço searches for purpose in the queer mecca of Provincetown. As the summer season comes to a fade, he sparks an intense and unexpected romance with Maurice. Together, the two reconcile the pasts they've left behind and their uncertain futures."
Dead Talents Society,Follows ghosts who want to become the spookiest of urban legends and most successful and famous stars in the underworld through their scare tactics and performances amongst the living.
The Lost Daughter,"A young woman follows a mysterious melody onto a remote tidal island. When she crosses back over at the next low tide, she emerges into a world where 25 years have passed."
The Deb,An original comedy musical about two teenage girls attending a debutante ball in a small rural town.
Loveable,"Maria juggles with four children and a demanding career while her second husband, Sigmund, travels all the time. One day they get into an ugly argument which leads Sigmund to eventually ask her for a divorce."
Between the Temples,A cantor in a crisis of faith finds his world turned upside down when his grade school music teacher re-enters his life as his new adult Bat Mitzvah student.
Millers in Marriage,"A tale of three middle-aged married couples coming to grips with universal questions about marriage and fidelity, professional success and failure, and the challenge of finding a second act."
The Supremes at Earl's All-You-Can-Eat,"Lifelong friends, three women share an unbreakable bond after decades of weathering life's storms. Now, through new heartbreaks, the trio is put to the test as they face one of their most challenging moments."
Summer Camp,"Follows Nora, Ginny, and Mary, three childhood best friends who used to spend every summer at a sleep-away camp together. After years, when the opportunity to get back together for a summer camp reunion presents itself, they all seize it."
Following,"A mystery thriller about a real estate agent who secretly enters clients' homes and becomes obsessed with a deceptive social media influencer. The film explores themes of obsession, identity and the dark side of social media."
Absolution,"An aging gangster attempts to reconnect with his children and rectify the mistakes in his past, but the criminal underworld won't loosen their grip willingly."
The Wailing,A group of young people inadvertently resurrect a seemingly invisible evil.
The Partisan,A Polish spy who works for the British during the Second World War is compromised in Warsaw after a betrayal and finds herself in a murky world of treachery.
My Spy: The Eternal City,"JJ, a veteran CIA agent, reunites with his protégé Sophie, in order to prevent a catastrophic nuclear scheme threatening Vatican City, which disrupts a high school choir trip to Italy."
A Mistake,"In the midst of a new scheme to publicly report surgeons' performance, a gifted surgeon's life is thrown into disarray as her colleagues begin to close ranks, and even her partner who is a nurse at the hospital turns her back on her."
What Jennifer Did,"When Jennifer Pan calls 911 to report that her parents have been shot, she becomes the primary focus of a captivating criminal case."
Girl Haunts Boy,"Follows Bea, a teenager ghost who forms a special friendship with Cole, the new guy in town, whose house she has been inhabiting for over 100 years."
Tim Travers and the Time Traveler's Paradox,What happens if you travel back in time and eliminate your younger self? Terminally bored mad genius Tim Travers seeks to find the answer and unravel the time traveler's paradox. The Result? A crazy comedic adventure beyond comprehension.
Lost in the Jungle,"Four Indigenous siblings survived 40 days in Colombia's jungle after a plane crash. The film shows their story through footage, recreations, and animation, highlighting Indigenous-military cooperation and traditional knowledge."
Modi: Three Days on the Wing of Madness,"Through the streets of World War I Paris, Italian bohemian artist Modigliani attempts to outmaneuver bombs, policemen, girlfriends, and critics in a increasingly desperate search of a home for his art."
You Gotta Believe,"A Little League baseball team of misfits dedicates their season to a player's dying father. In doing so, they accomplish the impossible by reaching the World Series finals in a game that became an ESPN instant classic."
Held Hostage in My House,A single mother becomes trapped inside her own vacation rental and must piece together clues from the various guests who have stayed there in order to figure out who assaulted her and hopefully survive.
Take Cover,A burned-out professional sniper finds himself trapped in an all-glass penthouse by a lethal competitor and must find a way to survive and escape with little to no cover between him and the killer.
Long Gone Heroes,"A special forces soldier who has given up country, religion, and even hope, must return to the field of battle to track down his niece, a reporter, caught in the middle of an illegal private contracting operation that went dead wrong."
Badland Hunters,"When an earthquake turns Seoul into a lawless badland, a fearless huntsman goes on to rescue a teenager from a mad doctor who held the teenager captive in a camp full of dangerous cultists."
Gunner,"Lee Gunner tries to save his sons, Luke and Travis, from a dangerous drug gang."
Haikyu!! The Dumpster Battle,"Despite a strong field, the Karasuno High volleyball team advances past the preliminary round of the Harutaka tournament in Miyagi prefecture to reach the third round."
Bagman,"When a sinister threat from his childhood returns to haunt him, a father desperately struggles against his deepest inner fear. Only this time, the fight isn't for himself; it's for his family."
Lilly,About a courageous factory worker who fights for justice when cheated and mistreated by her company. Based on the life of Lilly Ledbetter.
Baby,"After his release from a juvenile center, Wellington finds himself homeless in São Paulo. At a porn theater, he meets Ronaldo, who mentors him in street survival. Their bond evolves into a turbulent affair."
Wallbanger,"Caroline, a single interior designer, moves into what seems like the perfect apartment only to be awakened nightly by her neighbor, the 'wallbanger,' sparking an unexpected, tension-filled connection."
The Fabulous Four,It tells the story of two friends who travel to be bridesmaids in a surprise wedding of their college girlfriend.
KA,"In a village where the sun sinks below the horizon by 3 PM, darkness creeps in early, bringing with it a chilling wave of inexplicable horrors."
The Bibi Files,An inside look into the corruption charges against Israeli Prime Minister Benjamin Netanyahu through leaked police interrogation videos.
Mary,"In this timeless coming-of-age story, Mary is shunned following an otherworldly conception and forced to flee when Herod's insatiable thirst for power ignites a murderous pursuit for the newborn."
Waltzing with Brando,"Marlon Brando pulls idealistic Los Angeles architect Bernard Judge from his ordinary life and persuades him to design the world's first ecologically perfect retreat on a tiny, inhospitable Tahitian island."
Demon Slayer: Kimetsu No Yaiba - To the Hashira Training,"Tanjiro undergoes rigorous training with the Stone Hashira, Himejima, in his quest to become a Hashira. Meanwhile, Muzan continues to search for Nezuko and Ubuyashiki."
Sting,"After raising an unnervingly talented spider in secret, 12-year-old Charlotte must face the facts about her pet-and fight for her family's survival-when the once-charming creature rapidly transforms into a giant, flesh-eating monster."
Drawing Closer,"With only a year left to live, 17-year-old Akito finds new meaning in life by bringing joy to a terminally ill girl who has just six months remaining."
Top 1,"Azi and Dex are both vying to be their batch valedictorian but Dex is always behind Azi. He then plans to make her fall in love to be a distraction, but his plan is a double-edged sword."
Vaazha: Biopic of a Billion Boys,"Four friends deemed 'losers' face immense pressure from parents and society upon entering adulthood. Their emotional tale sees them embark on a journey of self-discovery and acceptance, where love ultimately triumphs over judgment."
The Front Room,"It tells the story of a newly pregnant couple who are forced to take in an ailing, estranged stepmother."
The Roundup: Punishment,"Detective Ma Seok-do joins the Cyber Investigation Team to nab Baek Chang-ki, a former mercenary and the head of an online gambling organization."
Golam,A mysterious death during work hours in an office puzzles all but only Investigator ASP Sandeep Krishna observes it as a murder.
Kifn,"Teenage Peri's arranged marriage faces troubles. To resolve issues, she revisits family archives from when relatives recorded memories in 2000s Sulaimani after her mother's early death."
Overlord: The Sacred Kingdom,"Momonga, now known as the Sorcerer King Ains Ooal Gown, rallies the Sorcerer Kingdom and its undead army to join the fight alongside the Sacred Kingdom and the Slane Theocracy in hopes to defeat the Demon Emperor Jaldabaoth."
Here Now,Sophie a young Californian traveling in Italy on her vacation with her sister. She meets Giulio and his group of friends with whom she spends the most terrifying night of her life.
Eks,Three compelling stories in one erotic experience. Yen Durano plays three different women in three titillating stories.
April,"Nina, an OB-GYN, faces accusations after a newborn's death. Her life undergoes scrutiny during the investigation. She persists in her medical duties, determined to provide care others hesitate to offer, despite risks."
Compulsion,"On the island of Malta, two women get engaged in a string of horrifying murders."
In Vitro,"On a struggling cattle farm some years in the future, a woman discovers the unsettling consequences of her husband's animal breeding technology."
Love in the Big City,"Misunderstood as more than friends, roommates Jae-hee and Heung-soo navigate the complexities of modern romance in Seoul's big city."
Noise,A woman with a hearing impediment is haunted by sounds linking to her sister's disappearance and the presence of a malevolent spirit.
Unpredictable,"A modern thriller filled with intense sexual tension. Betrayal, jealousy, revenge and lies. A plot full of tension and twists of events."
Saali Mohabbat,"A housewife gets entangled in a tale of infidelity, deceit, and murder."
Outside,"A family seeks refuge on an isolated farm during a zombie apocalypse, but long-buried secrets strain their relationships as they struggle to survive."
Sharp Corner,A dedicated family man becomes obsessed with saving the lives of the car accident victims on the sharp corner in front of his house - an obsession that could cost him everything.
Victory,"A high school dance duo and a soccer team on a remote island. Two girls create a cheer leading club to pursue their love of dance, but they soon find themselves enthusiastically cheering on the soccer team and the entire island."
Kiskisan,"Steamy tale of love, lust, and betrayal. When Adele's sister Bea returns with her girlfriend Cheska, a secret affair begins between Cheska and Adele's boyfriend, Rener, leading to a climactic ending when they're caught."
Graduate with First Class,"Amit navigates love amidst Maya's influence and Niharika's genuine affection, facing choices that shape his fate, unraveling a tale of redemption and tragedy."
Jimmy,"Jimmy, is a narrative feature film imagining the young life of James Baldwin in Paris, newly arrived from New York."
Dear Santa,"When a young boy mails his Christmas wish list to Santa with one crucial spelling error, a devilish Jack Black arrives to wreak havoc on the holidays."
Catch a Killer,"When a horror movie buff gets kicked off the police force, he and his girlfriend hunt a serial killer copy-catting the murders from famous horror films."
The Beautiful Game,Advocates to end homelessness organize an annual tournament for homeless men to compete in a series of football matches known as The Homeless World Cup.
Megamind vs. The Doom Syndicate,"Megamind's former villain team, The Doom Syndicate, has returned. Newly crowned hero Megamind's must now keep up evil appearances until he can assemble his friends to stop his former evil teammates from launching Metro City to the Moon."
No Dogs Allowed,"15-year-old Gabo struggles to control and hide his pedophilic urges, confiding only in online forums where he encounters the manipulative older Dave. When Dave is arrested for suspected abuse of minors, Gabo must make a choice."
The Menendez Brothers,"In 1996, the Menendez brothers faced trial for killing their parents, a case that captivated America. Years later, they share their side through interviews with those involved, offering a fresh take on the events."
Kabitan,"Alice, a depressed mistress, forms a deep emotional and sexual bond with Mika, her neighbor, who is also a mistress. Then, the inevitable happens, they fall for each other."
Cash Out,"Professional thief Mason attempts his biggest heist with his brother, robbing a bank. When it goes wrong, they're trapped inside surrounded by law enforcement. Tension rises as Mason negotiates with his ex-lover, the lead negotiator."
Los Frikis,"Inspired by true events, Los Frikis is a coming-of-age story set in early 90s Cuba where a group of punk rockers in search of freedom deliberately inject HIV to live at a government-run treatment home so they can create their own utopia."
Thine Ears Shall Bleed,"In 1860s America, a minister's family hears an unexplained noise from woods during their wagon journey. Mistaking it for divine presence, they worship until realizing its sinister nature."
Frankie Freako,Workaholic yuppie Conor is in an existential rut until one night he catches a bizarre ad for a party hotline hosted by a strange dancing goblin: Frankie Freako. Could this be just the recipe to spice up his boring life?
Blink,"Chronicles a family's global trip before their children lose vision to a rare genetic disorder, capturing their journey to experience the world's beauty while they can still see it, and preparing for an inevitable future."
Decoded,"In the 1940s, the world was turbulent, and it was crucial to decipher enemy's communication codes timely and accurately. Rong Jinzhen showed a unique talent. He was noticed by more because he accidentally solved the difficult problem."
This Is Me... Now,This narrative-driven odyssey that coincides with the release of her same-named album tells the story of Jennifer Lopez's journey to love through her own eyes.
Skywalkers: A Love Story,"A daring couple travels worldwide to climb the 118-story megatall skyscraper, Merdeka 118, in Kuala Lumpur, Malaysia, attempting a bold acrobatic stunt on the spire to salvage both their career and relationship."
Jane Austen Wrecked My Life,A desperately single bookseller lost in a fantasy world finds herself forced to fulfill her dreams of becoming a writer in order to stop messing up her love life.
Maharaj,"Based on a real-life historic court case, a bold journalist questions a revered leader's immoral behavior."
Sixty Minutes,"Desperate not to lose custody, a mixed martial arts fighter makes dangerous enemies when he ditches a matchup to race to his daughter's birthday party."
Don't Tell Mom the Babysitter's Dead,Tanya's summer plans are canceled when her mom jets off for a last-minute retreat and the elderly babysitter who arrives at her door unexpectedly passes away.
Escape,Follows the struggles of a North Korean sergeant who is chased by a ruthless major after he defects.
Through My Window: Looking at You,"After the events of the summer, Ares and Raquel can't find a way to carry on their relationship and decide to go their separate ways. When they see each other again in winter, the love and attraction they feel for each other is undeniable."
Kangaroo Island,"A struggling Hollywood actress returns home to Kangaroo Island, confronting the love triangle that tore her family apart."
Triangle,"A happily married couple visited by an old friend, who ends up stirring the pot by becoming sexually involved with both the husband and the wife."
The Glassworker,"The life of a young glassblower in training and his relationships over the years, as his land goes through war and strife."
Bad Genius,A group of seniors of an entrepreneurial high school team up to take down a rigged college admissions system.
Hounds of War,"After a mission goes wrong, only one of a group of mercenaries is left alive to take revenge for his brothers."
Hot Frosty,"Widow Kathy magically brings a snowman to life. His innocence helps her heal and find love again. They bond before the holidays, but he's doomed to melt."
Sumala,"Sumala, a name that is feared by people in a village in Semarang Regency from the past until now. No one dares to go out when night falls because Sumala will come to kill."
Block Pass,"Willy and Jojo are childhood friends who never leave each other's side. To beat boredom, they train at the Pampa, a motocross track. One evening, Willy discovers Jojo's secret."
The Shameless,"After killing a cop in a Delhi brothel, Renuka takes refuge in a northern India community of sex workers. There, she begins a forbidden romance with the 17-year-old Devika. Against all odds, they try to forge their path to freedom."
Lick,"Evelyn wakes up in Vegas married to rock star David after blacking out on her 21st birthday. Thrust into his fame, she questions if she can handle his lifestyle as they navigate if their marriage is real or a mistake."
Griffin in Summer,"Fourteen-year-old Griffin Nafly is the most ambitious playwright of his generation. But once he meets handsome twenty-five-year-old handyman Brad, his life and play will never be the same."
Slay,"After a booking mistake, four drag queens find themselves performing for a mostly unwelcoming crowd, but when vampires attack, the crowd looks to the queens to save the day."
Three Friends,"Joan's love fades for Victor while Alice reassures her about her own unfulfilling relationship with Eric. Unbeknownst to Alice, Eric is involved with Rebecca. Their lives spiral after Joan leaves Victor, who goes missing."
Trucker,"A trucker's family is killed in a fiery crash caused by a group of reckless teens. Rescued from the wreckage and nursed back to health by a mysterious old man, the trucker exacts brutal revenge on the teens who destroyed his life."
Init,"When a young barrio lass moves in to the city to study, she lives in a boarding house with other college students. Unknown to them, behind her shy and timid personality is a woman with insatiable hunger for sex."
Housekeeping,"Johan, a housekeeping staff tries to save his marriage by promising his wife that his irregular, unreliable job-hopping days are over. When he finds a bag of money in the hotel, he and other hotel staff Molly and Ah Foo try to get the money out, while escaping gangsters and the police. And in the midst of all this chaos, Johan is also trying to win his wife back."
Mission: Cross,"In the ultimate test of marriage, an agent-turned-househusband gets tangled in a perilous mission with his detective wife, who's clueless about his past."
Camera,"Follows nine-year-old Oscar, a non-verbal child who struggles to fit in, as he meets Eric, a kind repair shop owner, and become unlikely friends after being brought together by a damaged film format camera."
Bang Bang,"Follows 'Bang Bang' Rozyski, an eccentric retired pugilist obsessed with rectifying the sins of his past."
Sound of Hope: The Story of Possum Trot,"The true story of Donna and Reverend WC Martin and their church in East Texas, in which 22 families adopted 77 children from the local foster system, igniting a movement for vulnerable children everywhere."
In the Summers,"On a journey that spans the formative years of their lives, two sisters navigate their loving but volatile father during their yearly summer visits to his home in Las Cruces, New Mexico."
Toxic,"Dreaming of an escape from the bleakness of their hometown, two teens form a unique bond at a local modeling school, where the promise of a better life pushes girls to violate their bodies in increasingly extreme ways."
I Don't Understand You,"Stranded in rural Italy without transportation or language skills, an American couple on the verge of adopting tries to reconnect during a disastrous vacation, as their fears and relationship problems threaten to boil over."
Intoxicated by Love,"Story of Rumi, his friendship with Shams Tabrizi, the love he had for him and the great influence of Shams over him in his life, his poetry and his love for God."
Delivery Run,"A food delivery driver gets caught in a deadly chase in the icy Minnesota wilderness, pursued by a crazed snowplow driver for unknown reasons, facing life-threatening situations and forced to outsmart his relentless pursuer alone."
National Theatre Live: Vanya,"Andrew Scott brings multiple characters to life in Chekhov's Uncle Vanya, filmed live in West End, London. Hopes, dreams, and regrets are thrust into sharp focus in this one-man adaptation which explores the complexities of human emotions."
Boot Camp,"Follows unathletic Whitney Carmichael, who signs up for an intense summer boot camp to reinvent herself and falls for her personal trainer. She then finds the strength to embrace her true self and ignore the others' expectations."
Bonjour Tristesse,Cécile's relaxing summer with her father in the south of France is upended by the arrival of the enigmatic Anne.
Bad Shabbos,An engaged interfaith couple are about to have their parents meet for the first time over a Shabbat dinner when an accidental death gets in the way.
Rez Ball,"The Chuska Warriors, a Native American high school basketball team from New Mexico, must band together after losing their star player if they want to keep their quest for a state championship alive."
Are You There?,"A paranormal psych student's ritual candle starts a deadly game of twenty questions. As wax drips away, she races to survive, learning some mysteries should stay buried."
1978,"During the World Cup final between Argentina and Holland, in times of military dictatorship, a group of torturers kidnap a group of young people. What begins as an inhumane interrogation turns into hell: the wrong group has been kidnapped."
Girls Will Be Girls,"At a strict boarding school nestled in the Himalayan foothills, 18-year-old Mira first discovers desire and romance. However, her curious, rebellious, coming-of-age is disrupted by her young mother, who never got to come of age herself."
Teki Cometh,"A retired professor resides in the Japanese-style home built by his grandfather. He spends his days cooking, occasionally entertaining former students. Until he receives a mysterious message on his computer hinting at impending danger."
Bureau 749,A traumatized young man with physical abnormalities is forced to join a mysterious bureau to confront a disaster spreading across the earth caused by an unknown creature. He embarks on an adventure uncovering mysteries about his life.
F-Buddies,"Jas' boyfriend breaks up with her because she's boring. To prove him wrong, and just to continue to be with him, she agrees to be his f*** buddy."
Guntur Kaaram,"Years after his mother abandons him and remarries, a man demands answers when he's asked to sign a document denying he is her son as she runs for office."
Ultraman: Rising,"Ken Sato is a superstar baseball player who returns to Japan to become the latest hero to carry the mantle of Ultraman. However, he is compelled to raise a newborn kaiju monster, the offspring of his greatest enemy, as his own child."
Hunting Matthew Nichols,"Two decades after her brother mysteriously disappeared on Vancouver Island, a documentary filmmaker sets out to solve his missing person's case. When a disturbing piece of evidence is revealed, she comes to believe he might still be alive."
Depravity,"A group of tenants, suspecting that their neighbor could be is a serial killer, stumble upon an art heist worth millions."
Thug in a Suit,"Many years ago, Zhou Ke broke into a gang den alone and rescued his brother Banuo, but was arrested and imprisoned. Fast forward a few years, Zhou Ke is released from prison and lives a carefree life as Li Fei. Where should Zhou Ke go?"
Buy Now! The Shopping Conspiracy,"Pulls back the curtain on the world's top brands, exposing the hidden tactics and covert strategies used to keep all of us locked in an endless cycle of buying, no matter the cost."
Before Dawn,The journey of fictional WA outback kid Jim Collins and his battalion on the Western Front.
My Hero Academia: You're Next,"Deku, Bakugo, Todoroki and the rest of U.A. High Class 1-A must face off against Dark Might and the obscure crime organisation under his control, the Gollini Family."
One Fast Move,"A young man seeks out his estranged father to pursue his dream of becoming a professional motorcycle racer. With help from his love interest and a motorcycle shop owner, he begins to break down the walls his father's absence had created."
Do Patti,Twin sisters harbouring deep secrets and a determined police inspector seeking to uncover the truth in an attempted murder case.
Players,"A sports writer unused to relationships falls for a fling, leading her to reconsider playing the field in favor of commitment."
Reading Lolita in Tehran,A professor in revolutionary Iran gathers her most dedicated female students to study banned literary classics. Based on Azar Nafisi's beloved memoir.
Phir Aayi Hasseen Dillruba,"While evading the cops in Agra, Rani and Rishu scheme to run away together. But when their plans go awry, Rani asks a mild-mannered admirer for help."
Las super estrellas de la lucha libre,The film tells the story of the wrestling gold era of Puerto Rico. From the beginning to the End.
Dominique,"Trained assassin Dominique, escaping her troubled past, crash lands her plane in a Colombian town rife with violence. Sheltered by a family, she faces attacks from police and must choose between self-preservation or defending her hosts."
Another Cabin in the Woods Movie,"In this tongue-in-cheek spoof, horror-savvy characters are trapped in yet another cabin in the woods, where they are forced to navigate murder and red herrings to uncover who will stop at nothing for their twisted happily ever after."
Little Death,A middle-aged filmmaker on the verge of a breakthrough. Two kids in search of a lost backpack. A small dog a long way from home.
Afternoons of Solitude,"Explores the spiritual pain of bullfighting, the tormented torero in a ring, one of the most excessive and graphic examples of the origin of Southern European civilization"
Boundless,"Detective Mørck and team reopen a cold case on Bornholm Island involving a girl's death, a cult, and missing women. Mørck must solve the case and confront his past to move forward with his fiancée."
Endurance,"Maritime Heritage Trust locates Shackleton's shipwrecked Endurance near Antarctica in 1915. Shackleton and 27 crew survive incredible journey to South Georgia to seek rescue after ship sinks, showcasing human resilience against all odds."
Committee Kurrollu,"In a peaceful West Godavari village, the harmony of a close-knit friend group is disrupted when a disagreement leads to an unexpected fallout, impacting their lives and the tranquility of their community."
Unspoken,"Follows a closeted teenager in a religious community who finds a love letter written to his grandfather by another man, so he sets out to find the person."
Adopted,"A couple's hopes of adopting the perfect child unravel as their new son reveals a dark side, bringing terror into their lives."
Wynonna Earp: Vengeance,Wynonna Earp is coming home to battle her greatest foe yet: a psychotic seductress hellbent on revenge against her...and everyone she loves.
God's Not Dead: In God We Trust,"Amid political and spiritual turmoil, Reverend David Hill steps up to run for Congress. Opponent Peter Kane, aims to erase religion from policy, and the fight becomes a beacon of hope for people seeking moral leadership in a divided world."
The Red Virgin,"Hildegart Rodríguez, a precocious and prolific writer in Spain's 1930s, raised by her mother to become a model of future women."
Code 8: Part II,Follows a girl fighting to get justice for her brother who was slain by corrupt police officers. She enlists the help of an ex-con and his former partner to face off against a highly regarded and well-protected police sergeant.
Jimmy and Stiggs,"A perfect storm of lousy news sees out-of-work filmmaker Jimmy Lang spiral into a bender, during which he claims to have been abducted by aliens, and fearing their return, he contacts his old friend Stiggs to help him gear up for war."
Sew Torn,"A seamstress gets tangled in her own thread after stealing a briefcase from a drug deal gone bad. In an escalating game of cat and mouse, her different choices lead to drastically different outcomes along the way."
Dream Story,"High-society couple's marriage is tested when the husband discovers a secret erotic society and attends a masked ball, ignoring warnings of potential consequences, after his wife admits having fantasies about another man."
10 Lives,"A pampered cat takes for granted the lucky hand he has been dealt after he is rescued and loved by Rose, a kind-hearted and passionate student. When he loses his ninth life, fate steps in to set him on a transformative journey."
Continental Split,"When a fault threatens to split the U.S., a desperate team of seismologists and government agents race to prevent disaster as the clock ticks down."
Vaazhai,"A twelve-year-old boy, Sivanandhan, his mother, sister, and friend navigate life's challenges, where a plantain tree, Vaazhai, becomes a central presence."
Baby Invasion,"An ultra-realistic, multiplayer FPS game follows a group of mercenaries using baby faces as avatars. Tasked with entering mansions of the rich and powerful, players must explore every rabbit hole before time runs out."
Pechi,Revolves around age-old practices such as black magic and witchcraft.
Brats,Centers on 1980s films starring the 'Brat Pack' and their profound impact on the young stars' lives.
Let Go,"Stella juggles demands of young son, moody teen daughter, and distant husband. Chaos ensues until a message prompts a family trip where she must overcome challenges to reunite them."
Scared to Death,"Jasper, a young filmmaker, seizes a chance to direct when his crew attends a seance in a haunted children's shelter. Trapped inside, they're haunted by ghostly orphans and a sinister force."
"My Wife, My Abuser: The Secret Footage","Exposes the disturbing story of Richard Spencer's harrowing experience as he endured two decades of abuse at the hands of his wife, Sheree Spencer."
Hagen,"A reinterpretation of the Nibelungen saga centering on Hagen von Tronje, a Viking who allies himself with the ancient gods and takes up arms against an unscrupulous ruler."
Kill the Jockey,"Remo's self-destructive behavior overshadows his talent. Abril, an upcoming jockey is pregnant by Remo and has to decide between child or continuing to race. They both race for Sirena, a businessman who saved Remo's life in the past ."
Another End,"Two people who have loved each other, and continue to love each other, even after one of them dies."
The Greatest of All Time,"Gandhi is a hostage negotiator, field agent, and spy working for the Special Anti-Terrorist Squad (SATS). After years of service, he is called back for a critical mission that sets him on a dangerous collision course with his own past."
Restless,"A middle-aged empty nester's mundane life is upended when raucous new neighbors move in next door, unleashing potential danger and disruption."
B.O.Y.: Bruises of Yesterday,"A 16-year-old boy who spends the summer with his grandparents falls in love with an older young man, but when tragedy strikes he falls into a dark hole of self-harm, lust, and loneliness."
Blade of Fury,"Knife catcher Pei Xing originally exchanged his life for money as bounty hunter, but after witnessing the killing of people who stood up for justice, he gradually awakened and decided to fight back."
Something in the Water,A group of five friends must fight for their lives in open water after a dream wedding turns into a nightmare.
If I Tell You,"12 year old Michael enjoys a carefree boyhood until the day his mom comes home with a black eye and a busted lip. She won't talk about it, his dad avoids him, his granny shushes him, as Michael strives to unravel the mystery that has altered his once close family."
The Shards,"In Spring 2022 Masha prepares to leave Russia - her homeland that has changed. It turns into chain of unexpected farewells: her mom dies of cancer, her lover flees army conscription, everything including her own old self is falling apart. Her way to cope with the grief is to fixate everything with her camera. Her anger guides her to inner emigration to the local underground scene, which became an escape for young Russians. This kaleidoscope of shards chronicles not only spirit of the time, but the director's personality crumbling against the backdrop of global turmoil."
Taboo: Family Secrets,"The infidelities by patriarch Lukas divide the family. His Son Tyler visit sparks a taboo relationship with his stepmother Amanda, forever altering the dynamics and loyalties after certain revelations."
Music by John Williams,Follows the life of legendary composer John Williams.
Matt and Mara,"A young professor struggles in her marriage, only to meet Matt, a man from her past who wanders onto her university campus."
Traumatika,Mikey's night terrors become reality when his mother begins showing signs of demonic possession. What he's about to experience will haunt him for the rest of his life and claim countless lives across generations.
Federer: Twelve Final Days,Follows the last 12 days of the career of a tennis player considered the best ever as he plays his final tournament.
Mittran Da Challeya Truck Ni,"Satta, a truck driver, wants a practical wife to organize his life. Jindi, an independent woman, desires wealth and luxury. Their clashing paths lead to an unconventional relationship defying traditional romance norms."
Rabb Da Radio 3,"A village of 22 families living in harmony faces upheaval when a highway project inflates land values. Greed ignites conflict among relatives, fracturing once-strong bonds. Amid the chaos, one man refuses to compromise his principles."
How to Rob a Bank,"In this true-crime documentary, a charismatic rebel in 1990s Seattle pulls off an unprecedented string of bank robberies straight out of the movies."
Babes,"Lifelong friends Eden and Dawn, one single and wanting a baby, the other already a mother, navigate challenges to their bond when Eden pursues pregnancy alone after a one-night stand."
Private Tutor,"Joy, a struggling teacher, tutors Erica. Erica's wealthy widower father Gordon and Erica develop feelings for Joy, who is dissatisfied with her partner Vigo's lack of support."
The Greatest Night in Pop,"On January 28th 1985, dozens of the era's most popular musicians gathered in Los Angeles to record a charity single for African famine relief. Setting egos aside, they collaborated on a song that would make history."
A Nice Jewish Boy,"Follow Bellisha, a Jewish man who lives with his mother, Giselle. The suburb where they live has seen the synagogue shut down, and now the last remaining Kosher grocery story is closing. They are officially the last Jews living there."
Guns & Moses,A beloved small town rabbi in the high desert becomes an unlikely gunslinger after his community is violently attacked.
River of Blood,Four kayakers take the wrong river into a jungle inhabited by a tribe of merciless cannibals.
The Present,"A brilliant boy discovers that he can manipulate time using a family heirloom. He soon teams up with his siblings in returning to the time of their parents' separation, with hopes of changing the outcome."
Two to One,"After the fall of the Berlin Wall, a communist family discovers a bunker full of money soon to be worthless. With the help of their neighbors, they embark on a race against time to enter the capitalist world in style."
Vettaiyan,Ruthless criminal activity is met with force from a maverick police officer with a disregard for the rules as he confronts an outbreak of lawlessness.
Magpie,A couple find their lives turned upside-down when their daughter is cast alongside a controversial major star.
Yolo,"After an argument with her younger sister, Le Ying moves out on her own. She meets a boxing trainer and starts boxing."
Family Secrets: The Disappearance of Alissa Turney,"Sarah Turney became a viral sensation when she posted suspicions on social media that her dad killed her sister, Alissa. Now Sarah, re-examines her and Alissa's childhood."
Winter in Sokcho,"A young Korean girl's life takes an unexpected turn when a French artist visits her country, disrupting her routine."
"Oh, Canada","Leonard Fife, one of sixty thousand draft evaders and deserters who fled to Canada to avoid serving in Vietnam, shares all his secrets to de-mythologize his mythologized life."
Cheech & Chong's Last Movie,"Exploring their 5-decade career performing stand-up, making records, and starring in hit films. It covers their lives, comedy partnership, and lasting influence on pop culture."
Sugarcane,An investigation into abuse and missing children at an Indian residential school sparks a reckoning on the nearby Sugarcane Reserve.
Levels,"After witnessing his girlfriend's murder, a man risks everything - including reality itself - to discover the truth."
Half Baked: Totally High,Three potheads sell a strain of magical weed to raise funds for their friend's funeral.
The Fable,"After discovering burned trees in his orchards, a wealthy landowner grows suspicious of his workers and nomads passing through his vast estate."
"Love, Divided",Valentina is a young pianist starting over. Her neighbor David is an inventor who hates noise. And a paper-thin wall is about to become their matchmaker.
Reawakening,A couple whose daughter aged 14 went missing and then reappears after a decade.
Mother Mara,"Mara's life is disrupted by the sudden death of her only son. Through a relationship with a younger man, she tries to face the loss and find a way to move on."
Heavier Trip,"Impaled Rektum, a band, is in jail but must escape when the guitarist's father falls ill and their family home/business faces demolition. They receive an offer to play a major festival but decline due to being imprisoned and unprepared."
Spin the Bottle,The story of a group of teenagers in small town Texas who unleash a deadly force after playing the famous game in an abandoned house where a grisly massacre once took place.
Simarik,"This is the story of Mete, the spoiled son of a wealthy businessman whose father makes him believe he has reincarnated as a servant in a 16th-century Ottoman city."
"Palipat-lipat, papalit-palit",A guest turns into nightmare. Story revolves around protagonist and his wife. An Unwanted guest and her desire ruins their personal life. See who wins between lust and love.
Black Box Diaries,"Journalist Shiori Ito investigates her own sexual assault, seeking to prosecute the high-profile offender. Her quest becomes a landmark case, exposing Japan's outdated judicial and societal systems."
Riefenstahl,"Explores Leni Riefenstahl's artistic legacy and her complex ties to the Nazi regime, juxtaposing her self-portrayal with evidence suggesting awareness of the regime's atrocities."
The Beast Within,"After a series of strange events leads her to question her family's isolated life on a fortified compound deep in the English wilds, 10-year-old Willow follows her parents on one of their secret late-night treks to the heart of the forest."
The Colors Within,A girl who can see colors in people's hearts joins a band with two other people.
Country Rain,"Pete Ford is a country music artist at the top of his career. He loves performing more than anything, except his wife, Angie. When she shows up and tells him she's done, Pete has to decide what he's willing to give up to build a family."
A Place Called Silence,"Chen Yutong, a girl's middle school student, was bullied at school, but her mother Li Han was unable to save her daughter from the ""hell"". Everyone around her turned a blind eye, and a collective silence brewed greater violence."
Quisling: The Final Days,Five years of occupation during WW2 ends in Norway. Vidkun Quisling is in prison for treason and is to be held accountable for his actions. Can a priest help him find peace of mind? Can the traitor with big thoughts about himself repent?
An Ordinary Case,"A man is accused of murdering his wife. His lawyer must defend him against all odds, and especially against himself."
Holy Cow,"Totone's carefree teenage life of drinking and dancing takes a turn when he must provide for his 7-year-old sister. Seeking income, he channels his energy into producing an award-winning comté cheese to claim a competition prize."
"Love, Danielle","Amid family drama and dysfunction, a woman who carries a BRCA gene mutation must decide whether or not to remove her breasts and ovaries to reduce her cancer risk."
Striking Rescue,A veteran Muay Thai expert goes on a take-no-prisoners mission of revenge after his wife and daughter are brutally murdered by mysterious forces.
Daughters,"Four young girls prepare for a special Daddy/Daughter Dance with their incarcerated fathers as part of a unique fatherhood program in a Washington, D.C. jail."
Crew,Follows three hard-working women as their destinies lead to some unwarranted situations and they end up caught in a web of lies.
"Everything Fun You Could Possibly Do in Aledo, Illinois",Two childhood friends reunite for their high school reunion and decide to complete their senior year bucket list.
A Mother's Embrace,"During massive 1996 Rio storm, firefighter Ana and her firefighter team must evacuate a collapsing nursing home, but the mysterious residents have other sinister plans."
Family Affairs,"Teresa's daughters and her mother-in-law, a nonagenarian with senile dementia, arrive at her house. The daughters will meet their mother and grandmother at a family reunion to commemorate the anniversary of their father's death."
Desert Road,A woman crashes her car and walks down the road for help - only to find no matter which way she walks she ends up back at her crashed car again.
Boss Ma'am,"When a terror female boss was blackmailed by her assistant, she has no choice but to obey and play with her."
Ataturk II: 1881-1919,"After proving himself at Gallipoli in 1915, Mustafa Kemal began his journey, facing major battles against Russians on the eastern front and British in Syria, becoming the only undefeated Ottoman officer in WW1."
Turn Me On,"Under the control of a pill that eradicates human emotion, a young couple skip doses and discover new feelings, but realize that comes with emotional baggage to deal with."
Within the Pines,"As sound recordist Sam Evans treks through an isolated forest, his mic picks up a sound no one wants to hear while alone in the woods."
Christmas Eve in Miller's Point,"On Christmas Eve, a family gathers for what could be the last holiday in their ancestral home. As the night wears on and generational tensions arise, one of the teenagers sneaks out with her friends to claim the wintry suburb for her own."
The Visitor,"A refugee arrives at the home of an upper-class family in London and seduces each member of the family. When he suddenly is gone, he leaves behind a void that the rest try to fill in different ways."
Motel Destino,"Under the burning sky on a roadside on the coast of Ceará, Motel Destino is the scene of dangerous games of desire, power and violence. One night, the arrival of young Heraldo definitively transforms the daily life of the place."
The Wages of Fear,"In order to prevent a deadly explosion, an illicit crack team has 24 hours to drive two truckloads of nitroglycerine across a desert laden with danger."
Little Bites,"In a desperate attempt to protect her ten-year-old daughter, a young widow allows a nightmarish monster to slowly eat her alive."
Anaconda,"A re-interpretation of the iconic '90s creature feature, in which a group of circus athletes - having found themselves stranded in a rain forest - come face-to-face with the elements, a bloodthirsty poacher, and a formidable giant snake."
Himas,Dana is wife to a blind ex-fireman who is unable to satisfy his wife's physical needs due to his condition. A young man enters the picture and lures Dana to a sinful relationship to satisfy her sexual frustrations.
Inside the Mind of a Dog,Embark on a delightful journey into the world of dogs in this documentary that reveals scientific and emotional insights about our lovable BFFs.
Silent Love,"Just love. In this complicated and muddy age, this is the most sad love story of this winter, gently holding up a transparent pure love."
Beatles '64,The capture of the electrifying moment of The Beatles' first visit to the United States.
Main Atal Hoon,"Follows the extraordinary life and political journey of Shri Atal Bihari Vajpayee, an iconic figure in Indian politics and delves into the multifaceted persona of Vajpayee Ji, capturing his essence as a poet, a gentleman, and a statesman."
Madgaon Express,The journey of three childhood friends who embark on a trip to Goa that goes completely off-track.
Abraham Ozler,"Revolves around the personal and professional lives of veteran cop Abraham Ozler, ACP Trichur, who at one time has to take up a serial killing case and the mysterious hunt begins."
Teri Baaton Mein Aisa Uljha Jiya,"Aryan is not able to find a perfect life partner. He meets a perfect girl, Sifra, during an official assignment in the US and falls in love with her only to discover later that it's an impossible love story."
The Compatriots,"Javi is undocumented and on the verge of being deported, when he bumps into his estranged best friend Hunter, a boisterous bachelor yearning for connection. Together, they fight to keep Javi in the only country he's ever known."
"LSD 2: Love, Sex Aur Dhokha 2","Complexities of modern relationships and self-discovery in the high-tech age are explored through interconnected stories of love, friendship, and identity."
Oye Bhole Oye,"Bhola's quest for work in the city leads him to Aveera, a rich woman drawn to his simple life. But their romance faces trouble when Bhola must save his village."
Tom Petty: Heartbreakers Beach Party,"Lost 16mm reels documenting Tom Petty and the Heartbreakers' 1982-1983 'Long After Dark' album cycle, including footage originally aired on MTV in 1983."
Wild Wild Space,"Focus on the intense rivalry between two visionaries and founders of contesting rocket companies, Chris Kemp and Peter Beck."
The Investigation,"In 1963 former SS soldiers are tried for their involvement in running the Auschwitz camp. Witnesses and defendants take the stand, some describing the worst of which humanity is capable, others hiding behind procedures and orders."
A Christmas Castle Proposal: A Royal in Paradise 2,"Despite busy schedules causing distance, Olivia and Prince Alexander travel to Torovia for Christmas with his family. Clashing cultures between their families lead to various mishaps."
Given 3: To the Sea,"The final installment of the Given series, Given 3 takes place after the events of Hiiragi Mix and focuses on the continuing relationships between the core characters."
American Star,"An assassin on a final assignment in Fuerteventura, to kill a man he has never met. When his target is delayed, he finds himself drawn to the island, people and a ghostly shipwreck."
Mr. Crocket,A mother embarks on a perilous quest to rescue her son from a demonic children's show host who is kidnapping kids.
Chandu Champion,A man who faced one adversary after another with an undying spirit. His unwavering zeal and never give up attitude led to India's first individual gold medal in any form of the Olympics.
Terminator: Skynet Rising,"Since Legion was destroyed, the machines have been working to restore Skynet. Now the resistance has discovered their plans and must find a way to prevent them."
Undercover,"After spending several years infiltrating the circles of the Abertzale left as another young sympathizer of the terrorist group ETA, a police officer gets what she was looking for: ETA contacts her."
The Merry Gentlemen,"To save her parents' small-town performing venue, a former big-city dancer decides to stage an all-male, Christmas-themed revue."
Saint Clare,"In a small town a solitary woman is haunted by voices that lead her to assassinate ill intended people and get away with it, until her last kill sucks her down a rabbit hole riddled with corruption, trafficking and visions from the beyond."
Spermageddon,"Two narrative threads - one is an emerging love story between two awkward teens, John and Lisa, who are having sex for the first time and the other is an eventful quest of Simon the Semen and his friends to reach the golden goal, the Egg."
Angelo dans la forêt mystérieuse,"It follows Angelo, a ten year old who dreams of becoming an explorer and a zoologist. When he goes to visit his granny, his parents leave him behind at a rest stop, and he decides to cut through the forest in search of them."
"Beautiful Evening, Beautiful Day","Four close friends are renowned filmmakers in Yugoslavia in the 1950s, but their sexual orientation raises suspicion. A communist party loyalist is sent to sabotage their lives, turning their pursuit of freedom into a battle for survival."
Grave Torture,Telling about the punishment of the grave which occurred after a man was buried.
Katas,"Carmina works as a maid in a mansion and soon learns about the dirty secret of their masters, Alex and Grace."
A Little Something Extra,"To escape the police, a son and his father find refuge in a summer camp for young adults with disabilities, posing as a resident and his educator. The beginning of trouble and a wonderful human experience that will change them forever."
Eagle,A journalist uncovers the story of a ruthless assassin when she investigates a government cover up.
We Are Faheem & Karun,"A security guard from South India meets a local man at a Kashmir checkpoint. Their forbidden romance faces dual challenges: one can't be open due to religious taboos, the other due to his profession."
Hey Joe,"An American veteran who got involved with a young woman from Naples during World War II returns to the same city in the early 1970s to meet his son, who has no interest in his father."
The Real Bros of Simi Valley: The Movie,"With the 10-year high school reunion around the corner, Xander and his squad embark on a journey to become the dopest versions of themselves in time to flex on all of their old classmates"
Woody Woodpecker Goes to Camp,"Woody Woodpecker must find a new home after being kicked out of the forest. At Camp Woo Hoo, he thinks he's found a forever home, but there's an inspector on the loose who wants to shut down the camp."
He Loves Me Not,"An aspiring actress chosen as a wild card for a reality TV dating show uses a secret elixir to win the heart of the star, but when her deception is revealed, she discovers a messy but real chance for love."
Wonderland,"In 'Wonderland', people can use an A.I. program to communicate with virtual versions of their comatose or lost loved ones."
Bagheera,"When society turns into a jungle, just one predator cries out for justice."
When Fall Is Coming,"Michelle, a retiree in Burgundy, expects her grandson Lucas but a mistake ruins her plans. Her friend Marie-Claude's son is released from prison, reviving Michelle's purpose."
Handling the Undead,"On a hot summer day in Oslo, the dead mysteriously awaken, and three families are thrown into chaos when their deceased loved ones come back to them."
Uranus 2324,"Bonded in their youth and separated by tragedy, an astronaut and a free diver bend the laws of space and time in their efforts to be together again."
Latency,"When Hana, a professional gamer who suffers from acute agoraphobia, receives new equipment that enhances her game, she begins to wonder if it is reading her mind - or controlling it."
Bharathanatyam,The struggle of a young man to maintain a family secret amidst some testing situations and poky neighbourhood that leads to funny situations and later to family bonding.
Everyone Is Going to Die,An entrepreneur is attempting to reconnect with his daughter on her Birthday. The party is interrupted and they are taken hostage by two masked female robbers who appear to have real problems with the Patriarchy.
Night of the Zoopocalypse,A wolf and mountain lion team up when a meteor unleashes a virus turning zoo animals into zombies. They join forces with other survivors to rescue the zoo and stop the deranged mutant leader from spreading the virus.
Jimmy Carr: Natural Born Killer,"An iconic comedian tackles controversial issues such as gun control, religion, cancellation culture and consent through provocative humor."
The Bloody Hundredth,It honors the heroes of the 100th Bomb Group.
Castration Movie Anthology I: Traps,Trans sex worker Michaela mentors her newly-out friend Adeline while pursuing motherhood in Vancouver. Production assistant Turner slides toward inceldom as his relationship falls apart.
Timestalker,The hapless heroine Agnes is reincarnated every time she makes the same mistake: falling in love with the wrong man.
The Fire Inside,Claressa Shields becomes the first American woman to win a gold medal only to learn that not all dreams are created equal.
Lady Guard,Warehouse security guard Estelle allows illegal gambling for bribes. New recruit Meryl's arrival threatens Estelle's position and benefits from overlooking the illicit activities.
Vedaa,"The journey of a young woman, who faces and resists a repressive system against portrayal of an antagonist."
Cheaters,"Two strangers meet and have strong sexual connection with each other, only to find out that they're both in relationship with others. How can they sustain a relationship that started with sex and cheating?"
Shark Warning,"Two decades later, a man returns to his hometown after a great white shark killed his brother. When the shark resurfaces and claims more victims, he forms alliances to hunt down and eliminate the predator once and for all."
Lights Out,"A drifting ex-soldier turns underground fighter with the help of a just released ex-con, pitting them both against a crime boss, corrupt cops and hired killers."
Clear Cut,A team of loggers discover a meth cook site in the middle of the forest and are forced to fight for their lives while being hunted by a drug cartel.
Doin' It,An Indian-American virgin gets a job teaching high school sex ed.
Darkness of Man,"Interpol operative Russell Hatch witnesses the death of an informant when a seemingly routine raid goes wrong. Years later, he finds himself protecting the informant's son from a group of merciless gangs involved in an all-out turf war."
Dead Money,Professional poker player Andy and his girlfriend Chloe are involved in a crazy 24 hours after a home poker game is robbed. Andy ends up playing the largest poker game of his life as both of their lives are in danger.
TL,"Brenda, a top agent in a BPO company, is always overlooked for promotion. But not this time; as she gets more than intimate with her TL. Is her long awaited position within her reach? Or did she just put herself in a bad situation?"
Pani,"When the peaceful married life of a couple is unexpectedly disrupted by two youngsters with criminal inclination, the trials and tribulations connect the mobster lives of Thrissur by becoming a part of vengeance."
Elyas,A former Special Forces soldier who has become solitary and paranoid since serving Afghanistan and recruited to provide the security for Amina and her daughter Nour.
Witchboard,"A cursed Witchboard awakens dark forces, dragging a young couple into a deadly game of possession and deception"
Nurse Abi,"When overworked graphic designer Roy faints, he wakes up to the beautiful Nurse Abi taking care of him. This starts Roy's fantasy of going out and sleeping with Nurse Abi. But can he turn this fantasy into a reality?"
Hitpig!,A bounty hunter pig finds himself trekking the globe with a free-spirited elephant he intended to capture.
Samia,Follows an assertive young woman as she fights to become an Olympic athlete.
Someone Like You,"After the tragic loss of his best friend, a grieving young architect launches a search for her secret twin sister."
The Last Front,"Amidst World War I's chaos, a grieving father turns hero, leading villagers to safety while evading a relentless enemy driven by vengeance."
Apocalypse in the Tropics,An exploration of the profound impact of evangelism on Brazil's political landscape.
Adult Best Friends,"Inseparable since childhood, levelheaded Katie takes her codependent best friend Delaney on a girls' trip to break the news that she is getting married. Things do not go as planned."
Caught by the Tides,"A Chinese woman lives for herself in silence, celebrating the prosperous Belle Epoque with songs and dance."
Parvulos,"Three young brothers living in a cabin in the middle of the woods hide a dark, disturbing secret in their basement."
Blue Cave,"Navy soldier Cem embarks on trip to ""Blue Cave"" he promised wife Alara. Journey unveils details of their relationship, affirming enduring love beyond death."
Air Force One Down,A rookie agent aboard the hijacked Air Force One battle terrorists threatening the energy deal and the president.
Black,"A young couple move into a serene row house, eager for peace and privacy. A violent storm and unsettling forces unravel their marriage. Vasanth must uncover the truth behind these supernatural occurrences before everything falls apart."
Wanted Man,"Follows a police officer who must retrieve an eyewitness and escort her after a cartel shooting leaves several DEA agents dead, but then he must decide who to trust when they discover that the attack was executed by American forces."
Still Fabulous,"Stuck in a dead-end career and on a string of terrible dates, the life of 30-something Maddalena is a total mess. Until one day she meets an unlikely guardian angel that comes to her in the form of real-life porn star Valentina Nappi."
The Second Act,"Florence wants to introduce David, the man she's madly in love with, to her father. But David isn't attracted to her and wants to throw her into the arms of his friend Willy. The characters meet in a restaurant in the middle of nowhere."
The Blue Angels,Follows the veterans and newest class of Navy and Marine Corps flight squadron as they go through intense training and into a season of heart-stopping aerial artistry.
Spread,"To make ends meet, an aspiring journalist is forced to take a job at the world's largest porn magazine-beginning her journey to change her life, and the porn industry, forever."
Shirley,Shirley Chisholm makes a trailblazing run for the 1972 Democratic presidential nomination after becoming the first Black woman elected to Congress.
Harbin,Follows Korean independence activists who launched a daring attack in Harbin against the Japanese to gain their country's independence.
The Ties That Bind Us,"Exploring the challenges of modern family structures, the film follows a single father, a feminist librarian and a child seeking a place to belong as they navigate love and desires. It questions what it means to be a family."
Tami's Fantasy,"A-Lister Azi Acosta approaches the sexier side of cosplaying. Tami, with the help of her fubu photographer, Ken, sells sexy photos of herself."
Operation: Raqqa,"In 2014, on the streets of Raqa, an international spy Haibala (aka El Saharawi) tries to hunt down El Jordano, one of the most wanted ISIS leaders."
Happyend,"In near-future Tokyo, the threat of a catastrophic quake looms. Two friends prank their principal before graduation, leading to school surveillance installation."
Buzzheart,"Driven by deep concern for their fragile daughter, her parents subject her boyfriend to shockingly intense and brutal tests, pushing the boundaries of his love to its absolute limits."
Strangers,"A frustrated woman encounters a mysterious hitman. Their romance leads to vigilante killings of criminals. As she delves deeper, she questions her partner's true nature and their hidden motives."
Horror in the High Desert 3: Firewatch,"As a wildfire bears down on the opposite side of the state, Oscar Mendoza, armed with a secret, takes advantage of the distraction and journeys to Northeastern Nevada in search of missing outdoorsman Gary Hinge's last known whereabouts."
The Windigo,"A Native American teen resurrects an ancient demon to protect his family from meth dealers, but finds the creature's bloodlust uncontrollable, forcing the family to break the curse before becoming its next victims."
#MissingCouple,"A real #vanlife couple were on an adventure to renovate an abandoned farm in middle-of-nowhere Mississippi. Cameras blazing, they chronicled their project on social media. But the farm was full of disturbing surprises, especially at night."
Painter and Lampshade,"An artist meets a mysterious woman who becomes his model for his nude artwork. He then fantasizes making love to her; however, he always remembers her number one rule - she can't be touched."
House of Spoils,"It tells the story of a chef who opens her first restaurant where she battles kitchen chaos, a dubious investor and self doubt, but the pressure heats up thanks to the spirit of the estate's previous owner who threatens to sabotage her."
Dancing Village: The Curse Begins,"After a cursed heirloom is returned to a haunted village, two girls face rituals and spirit realms. One sacrifices herself to stay with her dying mother, while the other escapes, only to learn their return came too late."
McVeigh,Army veteran Timothy McVeigh hatches a deadly plan after the Waco siege. A psychological thriller depicting the deadliest act of domestic terrorism in U.S. history.
Witchy Ways,"Retreating to a cabin her late mother believed was magical, a skeptical Eve meets Danni, a witch whose secrets challenge Eve's logic. As romance sparks, supernatural secrets and a vengeful neighbor threaten everything Danni holds dear."
The New Year That Never Came,"On the brink of revolution in 1989 Romania, six lives intersect amid protests and personal struggles, leading to the explosive fall of Ceausescu and the communist regime."
Panda Plan,International action superstar Jackie Chan is involved in a rescue operation of a beloved zoo panda named Hu Hu.
Chantal in Fairyland,"Chantal will be involuntarily transported to a fairy tale world, fighting against witches and tyrant kings, but above all for her friendship with Zeynep."
How to Make Gravy,"A feature film adaptation of Australian music legend Paul Kelly's classic song, 'How to Make Gravy'."
Night Call,"This night is like all the others for Mady, student by day, locksmith by night. But Claire, the enigmatic young girl he helps out that night, is not who she claims to be. Mady has only one night to prove his innocence in a city in turmoil."
Dooba Dooba,In-home security cameras watch as an awkward sixteen year old girl terrorizes her well meaning babysitter.
Swatantrya Veer Savarkar,"The life journey of Indian freedom fighter and reformer Vinayak Damodar Savarkar, popularly known as Veer Savarkar."
A Strange House,"Amemiya is an unpopular Youtuber who specializes in the occult. One day, his manager brings him a floor plan with an inscrutable point. With the help of Kurihara and Yuzuki, he begins to look into the plan and reveal the mystery behind."
Maldoror,"Two girls vanish. Police recruit Paul Chartier joins a covert unit tracking a sex offender. After the operation falters, Chartier pursues the perpetrators independently, disillusioned with legal constraints."
Wild Wild Punjab,"Khanna has had a breakup. He's upset, but he has friends like Arora, Jain and Honey paa'ji who encourage him to face this breakup head-on and move on. They embark on a trip across Punjab to help Khanna find the closure he desires."
Sex-Positive,"Virginia tumbles into a wild and thrilling new world of sexual liberation when she moves in with a group of polyamorous party animals, including the charming but commitment-phobic Jake."
The Price of Money: A Largo Winch Adventure,"It follows Largo Winch, who is devastated by the kidnapping of his son. He realizes that if he finds those responsible for his bankruptcy, maybe he'll see his son again."
Universal Language,An absurdist triptych of seemingly unconnected stories finds a mysterious point of intersection in this tale set somewhere between Winnipeg and Tehran.
The Cut,"A retired Irish boxer (Orlando Bloom) returns to the ring for one last shot at the title but only if he makes weight. Holed up in a room in Las Vegas he embarks on an intensive, illegal weight-cut program with an unscrupulous trainer."
Vadakkan,"A paranormal investigator based in Helsinki ventures to Kerala to probe a series of mysterious deaths during a reality TV show shoot and confronts an unspeakable entity from a Dravidian cult practice, lurking on a mysterious island."
Body Language,"A woman who excels at reading body language realizes that something is deeply wrong during a quiet night at home, turning a peaceful night into a terrifying fight for her own survival."
Forbidden Desire,"Agatha and Ubel's turbulent romance leads to a devastating breakup. Though she finds a new partner, Agatha can't get enough of Ubel. They continue their illicit affair until she finds out that Ubel has a secret that can ruin her life."
Gu,Gu follows eight-year-old Minna as she unravels the mystery of an ancient curse in her father's ancestral home.
Naples to New York,Follows two Neapolitan kids as they journey to New York to escape Italy's early postwar poverty.
In Waves and War,Highly decorated Navy SEAL Marcus Capone struggles with PTSD after returning from Afghanistan. His wife finds hope in psychedelic therapy. They embark on providing access to this treatment for other veterans battling mental health issues.
Boys Go to Jupiter,"A teenager in suburban Florida desperately hustles to make $5,000 in this dreamy and surreal animated coming-of-age story."
Thangalaan,"Based on the true events that revolve around the lives of mine workers in the Kolar Gold Fields, Karnataka."
Christmas on the Ranch,"When a talk show relationship expert with her own romantic hang-ups gets stranded at a ranch before Christmas, the charming rancher reminds her that love is always worth the risk."
Exhibiting Forgiveness,"A Black artist on the path to success is derailed by an unexpected visit from his estranged father, a recovering addict desperate to reconcile. Together, they struggle and learn that forgetting might be a greater challenge than forgiving."
Went Up the Hill,"Jack ventures to remote New Zealand for the funeral of his estranged mother and meets her widow Jill. But his mother's spirit returns to inhabit each of their bodies, instigating a life-threatening three-way nocturnal dance."
Night Silence,"Lucjan is admitted to a nursing home, where he is welcomed by the residents and staff. Everything is fine, there are no dark secrets hidden in the basement, no strange, malevolent creatures. Don't worry about it. Everything - is - fine.."
#AMFAD: All My Friends Are Dead,"A group of college friends rent an Airbnb for the biggest music festival of the year. A weekend of partying quickly takes a turn, as their past regrets come back and haunt them. A killer then tries to avenge a forgotten, lost friend."
Sons,The idealistic prison officer Eva is faced with the dilemma of her life when a young man from her past gets transferred to the prison where she works.
Grand Tour,"Edward, civil servant, flees fiancée Molly on their wedding day in Rangoon, 1917. His travels replace panic with melancholy. Molly, set on marriage, amused by his escape, trails him across Asia."
Sarfira,"A man fights to make his dream of creating a low cost airline a reality, facing opposition from devious competitive airline owners who threaten his business and his passengers' safety."
The Traveller,"A college student's life changes when he meets a powerful woman after his grandfather's corpse is stolen. As he uncovers a dark conspiracy, he learns he belongs to a hidden group of people with supernatural abilities."
Laws of Man,"At the dawn of the Cold War, two U.S. marshals pursue a wanted murderer in the deserts of Nevada."
Sayara,"When her sister is murdered by a group of politically connected rich kids, Sayara, a quiet gym cleaner from Turkmenistan, begins to follow in her father's footsteps, seeking a path of revenge."
Mononoke the Movie: The Phantom in the Rain,"A deadly and mysterious master of the occult travels across feudal Japan, seeking malevolent spirits called Mononoke to slay. He must uncover their Form, Truth, and Reason to wield the mighty Exorcism Sword against them."
Devara Part 1,"A mighty sea warrior takes a violent stand against the criminal deeds of his village. Years later, his mild-mannered son walks a path of his own."
The Last Dance,"A debt-ridden wedding planner inadvertently becomes a successful funeral planner, but he must convince a traditional Taoist priest of his legitimacy to continue operating in the field."
Between Borders,"The incredible true story of an Armenian family forced to flee their home during the collapse of the Soviet Union, and embark on a journey to find a community to call their own."
A Brother and 7 Siblings,"After the untimely death of his older siblings, a struggling young architect suddenly becomes a ""single-parent"" for his nephews. When opportunity for a better life arises, he must choose between his love life, career, or his nephews."
The Bad Shepherd,A group of friends on a hunting trip accidentally run over a woman carrying a bag of money. Their loyalty is put to the test when a strange man comes knocking.
Drive Back Home,"In 1970, a gruff New Brunswick plumber travels to Toronto to bail out his estranged gay brother jailed for public indecency. Reluctantly driving home together per their mother's wish, their tense reunion tests their sibling bond."
Kingdom 4: Return of the Great General,"While Qin continues to fight for the unification of the region, its neighboring country invades Qin from the north."
The Air He Breathes,"Elizabeth and Tristan, who find solace and healing in each other's company after suffering devastating losses. As they navigate their grief and past traumas, they discover the power of love and second chances."
Lollipop,"Molly, a young woman released from prison, struggles to regain custody of her children. When she bumps into her childhood friend Amina the two women soon realize their only chance is to join forces and take destiny into their own hands."
Hack Your Health: The Secrets of Your Gut,An informative yet lighthearted documentary exploring the intricacies of the digestive system and its pivotal role in maintaining overall health and well-being.
Super Vixens 7,"Ancient God empowers Skeletor against She-Ra. Starlet battles Viper, Cobra while weakened by Krystinite. Vindicator tricks Supergirl, steals powers, humiliates her publicly. Dark forces overpower heroines through trickery and subjugation."
The Most Precious of Cargoes,"During a war that plagues everything around, a lumberjack's wife finds an abandoned baby girl. This meeting transforms the lives of the couple and those whose destinies intertwine with that of the child."
Black Eyed Susan,"Derek takes a job at a tech firm, developing an AI sex doll named Susan. As he explores the boundaries of desire, pleasure, and pain with Susan, he confronts profound questions about humanity in an uncertain future."
Pavements,"Documentary about the American indie band Pavement, which combines scripts with documentary images of the band and a musical mise-en-scene composed of songs from their discography."
Maharot,"Tantan is a small-town young man, falls for Joni, a free-spirited woman who sells herself yet teaches him about love. As their bond deepens, will their love defy life's twists?"
Singham Again,"Bajirao Singham and a team of super cops must rescue his wife, Avni, who is producing a stage play based on the Ramayana, from a villainous kidnapper."
Haunt Season,"A masked maniac targets cast members at a suburban Halloween haunt attraction, turning their staged injuries into gruesome real-life horrors. As the terror escalates, the lines between performance and reality blur."
Jab Khuli Kitaab,"Gopal and Anusuya's decades-long marriage faces upheaval when a revelation surfaces. As secrets emerge, the family navigates emotions both touching and comedic, exploring love, companionship, forgiveness, and rediscovering one another."
City Hunter,"An exceptional marksman and hopeless playboy, private eye Ryo Saeba reluctantly forms an alliance with his late partner's sister to investigate his death."
House of Sayuri,"A family moves into a house, but discover that it is haunted by a murdered girl."
Baby Assassins: Nice Days,Teenage assassins Chisato and Mahiro visit the coastal city of Miyazaki when they unexpectedly cross paths with a bloodthirsty assassin who's looking to add to his personal body count.
Stealing Pulp Fiction,"It follows Jonathan, Elizabeth and Steve as they try to steal Quentin Tarantino's personal print of Pulp Fiction (1994)."
Demonte Colony 2,"A group of friends who return to a cursed location, driven by curiosity and the quest to uncover the truth behind the malevolent spirits that reside there."
Was Once a Hero,"Ginny and Little Bit, after their father's murder, flee outlaws across desert. They ally with ex-lawman Malcolm Hunter, hoping to reach Black Ridge for safety amidst peril and Malcolm's fading memory."
Everything to Me,"A girl raised in Silicon Valley in the shadow of Steve Jobs' successful return to Apple, and his huge influence on her imagination, her aspirations and relationships."
Moartea in vacanta,"Death on Holiday follows the story of three characters who become overnight ""friends in need"" - who desperately try to get into the good graces of a lonely and wealthy old woman, Rodica, hoping to inherit her fortune."
A Missing Part,"Every day, Jay travels the length and breadth of Tokyo in his taxi, looking for his daughter Lily. In the 9 years since he has separated from his wife, he has never been able to get custody of his daughter. Having given up hope of ever seeing her again, he is about to move back to France when Lily hops in his cab. But she doesn't recognize him."
De Pai para Filho,"After his rocker father's death, José moves to Copacabana carrying old resentments. When his dad's ghost appears seeking forgiveness, José must confront their troubled past while the spirit encourages him to pursue Dina, a widowed neighbor"
Viet and Nam,"In the underground coal mines, Nam and Viet, young miners, face danger and darkness. One prepares to leave for a new life, but they must find Nam's father's remains, a soldier lost in a faraway forest, retracing the past through memories."
The Painter,"An ex-CIA operative is thrown back into a dangerous world when a mysterious woman from his past resurfaces. Now exposed and targeted by a relentless killer and a rogue black ops program, he must rely on skills he thought he left behind."
Krista,"Krista is happy with the simple life she's living with the husband she loves very much. But her ambitious husband ends up losing big at cockfighting, forcing him to commit a crime, and leading Krista to use her body to save him."
Out of Control,A marriage is threatened when the husband's first love comes back to town.
A Sudden Case of Christmas,"An American couple takes their 10-year-old daughter to her grandfather's hotel in Italy to tell her that they are separating. Hoping to bring them back together, she asks to celebrate one last Christmas together, although it's August."
Seeking Haven for Mr. Rambo,"On a quest to save Rambo, his dog and best friend; Hassan is forced to confront the fears of his past and rediscovers himself."
Architecton,"An extraordinary journey through the material that makes up our habitat: concrete and its ancestor, stone."
The Invisibles,"A couple facing the end of marriage, when the husband starts to disappear. As he fades from existence he discovers a new world of people who have disappeared just like him."
Solvent,"While hunting Nazi papers in Austria, researchers find a dark secret beneath a farmhouse. As expat Gunner Holbrook pursues the mystery, his grip on reality slips. He battles an evil force, racing to save himself."
¿Quién es quién?,"Valentina make a wish for her 9th birthday. The next day, all the members of her family wake up with their bodies exchanged. Chaos grips the family as they wonder: Who is who?"
Street Trash,A group of homeless misfits must fight for survival when they discover a plot to exterminate every homeless person in the city.
The Price of Nonna's Inheritance,"When a grandmother falls for a cheeky suitor with dubious intentions, her family devises a secret plan to protect her life and their inheritance."
Dear Kelly,"Filmmaker Andrew Callaghan investigates about the life of Kelly Johnson, a participant at a 2021 White Lives Matter rally in Huntington Beach, California, delving into Johnson's background and beliefs."
When We Were Sisters,"1996: Fifteen-year-old Valeska is going on vacation to Crete with her mother Monica. Jacques, her mother's new boyfriend, and his daughter Lena, who Valeska doesn't get along with at first, are joining them. Slowly, however, a friendship develops between the two girls. While they find a sister in each other, the adults relationship spirals out of control. Valeska must emancipate herself from her mother and, in doing so, give up her dream of a family."
Peripheral,A woman's husband goes missing soon after moving into their new home. But strange paranormal events start to occur upon his return.
Stress Positions,"Terry, in strict quarantine in his ex-husband's Brooklyn home, cares for his injured nephew, a 19-year-old Moroccan model named Bahlul, drawing attention from everyone in his life."
Cash for Gold,"Struggling to save her home from foreclosure and stay sober after her military husband's death, Grace goes to work for her small town's only Muslim family and is forced to come face-to-face with the demons that threaten to pull her under."
Tezgah,"A writer, an actress, a musician, and a kitchen counter collide in a bloody night where art, deceit, and betrayal stain an old mother's rug. This tale of a ""loveless"" era that."
Meet the Leroys,A man takes his wife and their teenage children on a road trip down memory lane while facing divorce.
The Good Teacher,"When a Literature teacher is confronted with a teenage student's complaint of inappropriate behavior, he is called upon to fight to protect his name, his position in the school, and his longtime gay relationship, which no one knows."
House on Haunted Hill,"On October 31st, 1978, the WXIP-TV Channel 6 Team investigated the infamous ""Hill House"" on Live Television, with dire results. The broadcast was banned and never seen again, until now."
The Friendly,"Military medic Curtis gets injured, returns home with dog Friendly who saved him. Curtis and Friendly adjust to civilian life. Curtis falls in love with nurse Sophia, who has a child."
Poison Sangga: The Homewrecker's Curse,"The life of a married couple, Maya and Andi, who both begin to be disturbed by a series of mysterious oddities."
Saturn,"When a mysterious planet appears in the sky, a young father must choose between the life he loves and an ancient call to save the world."
Believer,"A struggling writer finds herself at the center of the story she is covering when brutally attacked by a notorious cult leader and mass murderer, a man who exerts an inexplicable control over his followers."
He Ain't Heavy,A desperate woman kidnaps and enforces rehab on her violent brother in a last-ditch effort to save their lives.
Maybe More,"Sophia, who has been married for a long time with Xavier, invites their young upstairs neighbors to dinner. As the ice is broken, the evening unfolds with a cascade of revelations, laying bare the intricacies of relationships."
Dedh Bigha Zameen,"Anil sells his land for his sister's wedding, but a powerful official steals it. He fights for justice, facing threats and betrayal."
Fasel Men El Lahazat El Lazeeza,"A romantic comedy about a couple who encounter many problems, until a portal opens by chance that leads them to parallel worlds."
Dark Match,"A small-time wrestling company accepts a well-paying gig in a backwoods town only to learn, too late, that the community is run by a mysterious cult leader with devious plans for their match."
The Commandant's Shadow,"Follows Hans Jürgen Höss, the son of Rudolf Höss, the Camp Commandant of Auschwitz when he confronts his father's involvement in the murder of over a million Jews during the Holocaust."
The Demon Disorder,"Tells the story of Graham, Jake and Phillip Reilly and their deceased father. Their pasts collide when a family secret is discovered, leading their father's garage to become the site of revenge from beyond the grave."
Bir Cumhuriyet Sarkisi,"In 1930s Turkey, a handful of young, talented and determined people strive to realize an artistic revolution in a fledgling country."
Pegasus 2,"A former rally driving champion, now down on his luck, finds new partners to re-enter a famed rally race."
Humans in the Loop,"A single mother from the Oraon tribe balances training AI systems and reconnecting with her roots, while her pre-teen son struggles to accept their new life away from the city."
The Volunteers: The Battle of Life and Death,"It tells the story of the third to fifth battles in the War to Resist U.S. Aggression and Aid Korea, among which Battle of Cheorwon will be the highlight. Li Xiang , Fu Chongbi, Cai Changyuan from 63rd Army and others will come on Stage."
Gelin Takimi,"A group of female friends take a holiday bachelorette trip, where they let their hair down, flirting with strangers, and indulge in a party lifestyle."
He's Watching You,A teenager investigating mysterious murders in his small town discovers a collection of VHS tapes that could reveal the identity of a notorious serial killer.
Avicii - I'm Tim,"Tim Bergling, a shy and insecure boy who, without realizing it, suddenly created one of the world's most loved artists - Avicii."
Drazen,"The narrative of Drazen Petrovic, a celebrated Croatian basketball player, highlights his personal life and unique character, emphasizing his deep, complex relationship with basketball - both his greatest passion and his curse."
Godless,"After signing a progressive bill into law, a Catholic governor with hopes of the presidency is excommunicated by the church."
Twisted: The 10 Most Sadistic Serial Killers,"A wild, true-crime ride that delves into the sick and sadistic methods of the world's 10 worst serial killers. In this gruesome special, we rank the most notorious serial killers beginning at number 10"
Üç Günlük Dünya,"Muhittin, who owns a monopoly in one of the slums of Istanbul, finds it difficult to make ends meet by producing his own alcohol."
Doctor X: The Movie,"Michiko Daimon is a freelance surgeon who never fails. She does not appear or act like a typical surgeon, but she is highly skilled. The story of her mysterious and solitary background is soon revealed and she also faces the worst crises ever. How will Michiko respond?"
Rap World,"In 2009, four friends living in Tobyhanna, Pennsylvania document their attempt to record a rap album over the course of one eventful night."
Dandelion,"It follows a singer-songwriter in a downward spiral as she takes a last effort gig at a motorcycle rally in South Dakota where she meets Casey, a guitarist who walked away from his dream long ago."
Mea Culpa,"A criminal defense attorney, unhappy in her marriage, finds herself seduced by her mysterious new client, an artist accused of murdering his girlfriend."
Albany Road,"On her way to the most important meeting of her career, a New York executive is forced to share a rental car with her ex-fiancé's mother, only to discover that the mother is hiding a major secret."
Your Monster,"After her life falls apart, a soft-spoken actress finds her voice again when she meets a terrifying, yet weirdly charming monster living in her closet."
Her Story,"Wang Tiemei, a single mother, loses her job and moves, befriending neighbor Xiaoye who appears cheerful but is depressed. Their bond grows as Tiemei navigates relationships with her ex-husband causing trouble."
Young Royals Forever,"Edvin Ryding and Omar Rudberg, among others, together with the main writer, creator and executive producer Lisa Ambjörn share the story of how Wilhelm and Simon's journey took shape, from the writing process and casting to the final scene."
Tyler Perry's Divorce in the Black,Ava's husband Dallas leaves her heartbroken as he abandons their marriage.
Cesium Fallout,"In a Hong Kong recycling plant, a massive fire exposes a radiation crisis caused by illegal garbage smuggling. Government advisor, executive, and firefighters embark on a high-stakes mission to mitigate the disaster."
Across the Sea,"Nour, a 27-year-old, emigrates illegally to Marseille and lives off petty crime with friends leading marginal lives, and partying hard."
"Apollon by Day, Athena by Night","Defne travels to the ancient Mediterranean city of Side and encounters a revolutionary, a prostitute, a priestess, and other mysterious people. Guided by them, she searches for the mother who has abandoned her."
Kang Mak,"A man named Makmur returned from the battlefield. However, Makmur finds Sari, his wife, has died and become a ghost."
Thesis on a Domestication,"A successful transgender actress and her lawyer husband decide to adopt a child, defying the conservative community in Argentina. But their attempt for a domestic happiness is thwarted when they visit the actress's hometown."
The Holiday List,"A woman sets out a well-intentioned plan of bringing her dysfunctional family together in the wake of the family's matriarch, her mother-in-law."
Shoutai,"Accused of a brutal murder, Kaburagi escapes and goes on the run across Japan. Detective Matanuki pursues him, but after 488 days missing, Kaburagi's true identity and motives remain a mystery."
Super Vixens 8,3 tales of sexy super heroines taking on evil.
Swede Caroline,"In this British Mockumentary, the competitive giant vegetable growing world is rocked by scandal when up-and-coming prospect Caroline has her prized marrow plants stolen."
Among Neighbors,"In a small Polish town where a dark history has been silenced, an eyewitness to murder speaks out in search of the Jewish boy she loved."
Between the Mountain and the Sky,"An inspiring story of love and resilience after tragedy strikes humanitarian Maggie Doyne, mother to over 50 Nepalese children."
Sasan,"In the Gir forest, the Maldhari community's traditional way of life faces rising threats. After tragic lion incidents, an investigator uncovers shocking evidence before a court eviction, leading to an unexpected revelation."
Last Breath,Doctor Augustin Masset engages renowned writer Fabrice Toussaint in a philosophical dialogue exploring life and death. A series of profound encounters guides Toussaint to confront his fears and anxieties.
Ketchup on Waffles,"Three masked attackers terrorize a college-town diner late Friday, with their white-masked leader orchestrating increasingly brutal murders of customers for fun over several hours."
Once Upon a Time in Hollyweird,"When Hollywood icon Michael Madsen goes missing presumed dead, they call Rick Blaine (Tom Sizemore) to investigate. A Tarantino-style murder mystery that is, Once Upon a Time in Hollyweird."
She's Got No Name,"A bizarre case caused thousands of waves. There are different opinions on the truth. When the whole story of the case was gradually restored like pieces of a puzzle, people realized that the truth was not that important anymore."
Checkpoint Zoo,"Checkpoint Zoo documents a daring rescue led by a heroic team of zookeepers and volunteers, who risked their lives to save thousands of animals trapped in a zoo behind enemy lines in the Russian Invasion of Ukraine."
We Strangers,"We Strangers is an addictive and haunting study of race, class and assimilation, centering around Ray, a charming and self-determined woman living in Gary, Indiana."
Audrey,"Self-appointed Mother of the Year, Ronnie has given her daughter Audrey everything, so when Audrey selfishly falls into a coma, Ronnie has no choice but to keep their dreams alive by assuming her identity."
Ravens,The dark fantasy love story of legendary Japanese photographer Masahisa Fukase and his wife Yoko.
The Donn of Tiki,"The Donn of Tiki attempts to separate fact from exaggeration to tell Don the Beachcomber's incredulous life story, along with how he inadvertently created the Tiki subculture."
Correr para Vivir,"Two Tarahumara brothers, talented runners, take divergent paths: Homero pursues athletic greatness, while Capó gets entangled in organized crime, seeking a better life, as their fates drift apart due to contrasting choices."
The Nut Farm,A cryptocurrency trader from San Francisco takes over his missing uncle's macadamia nut farm in the Australian town of Cobweb but he soon realizes the offer comes with conditions.
Skategoat,"Leandre Sanders was born in Venice Beach, LA, into a world of gangs and crime. The only thing that kept him out of trouble was his love of skateboarding. While his older brothers joined the family tradition of running with gangs, Leandre - dubbed Skategoat - spent most of his days and nights at Venice Beach skatepark with his younger brother Leontay. He was so talented and determined that, at the age of 11, he caught the eye of filmmaker Van Alpert. Over the next ten years, Van documented Leandre's struggle to perfect his skateboarding and to survive. At 14-years old, Leandre was forced to leave his rapidly unravelling family life and started sleeping rough at the bowl of the skate park, relying on his friend Haden and the kindness of a local woman, Katie, who looked out for the two boys. And despite this adversity, Leandre never lost his drive to skate - Set against the visually palpable decline of LA, the decade captured by Van charts Leandre's journey to an internationally-respected skater who has perfected his own unique 'no stance' skate style. The result is a gritty reflection of what it takes to make it in the skating world - and what it takes to survive as a disadvantaged kid in the United States. Pulsing with a tactile sense of street style and punctuated by an incredible soundtrack. Skategoat is a story about the streets told from the streets, that proves anyone can seize their dream."
Glimmers,"Isabel's life takes an unexpected turn when her daughter Madalen asks her to take care of her father, Ramón, who is sick. After fifteen years without seeing her ex-husband Isabel will try to fulfill her mission with diligence and coldness."
Elizabeth Taylor: The Lost Tapes,Newly discovered interviews with Elizabeth Taylor and unprecedented access to the star's personal archive reveal the complex inner life and vulnerability of the groundbreaking icon.
Restlessness,"A mysterious story about a man who gets stuck in a small provincial hotel, where strange things happen, and the guests disappear one by one. This is an absurd drama with elements of a detective about loneliness, love and time."
Woh Bhi Din The,"A renowned photojournalist returns to his alma mater as a guest speaker, reminiscing about his carefree school days and first love"
The Shepherd and the Bear,"An aging shepherd struggles to find a successor as bears prey on his flock. While, a teenage boy becomes obsessed with tracking the bears."
Skeletons in the Closet,"Haunted by a malevolent spirit since childhood, a desperate mother allows herself to become possessed in order to save the life of her terminally ill daughter."
Harley Flanagan: Wired for Chaos,"From a tumultuous Bronx upbringing, the movie chronicles Harley Flanagan's rise to punk stardom at 13, featuring raw NYC footage and interviews with icons like Flea and Ice-T, depicting his transformative journey."
Bonnie and Clyde: The Musical,Two small-town kids from the middle of nowhere became the biggest folk heroes in all America. They craved adventure-and each other.
Lesvia,"The documentary chronicles about four decades in a small farming village of Eressos on the island of Lesbos, where lesbian women from around the world have been gathering since the late '70s."
My New Friends,"Lucie, a police officer, is fond of her new neighbors, a young couple. Soon she discovers that Yann, the father, has a heavy criminal record. Lucie has a moral conflict between her professionalism and her desire to help this family."
"April, Come She Will","On the morning following the eve of their engagement, the fiancée disappears from the man's side. He is left to reminisce about why she chose to run away."
Living in Two Worlds,"Explores Dai's life as a CODA, navigating between the hearing and deaf worlds. It delves into his complex experiences, bridging communication barriers."
Enough for Now,Siblings bake coconut cubes dessert to lure eldest brother home. Time appears frozen. Ordinary summer days become extraordinary. Joyous spirit alleviates darkness. Brothers reunite through baking shared favorite treat.
Breaking the Silence: The Maria Soledad Case,"In '90s Argentina, the murder of a high school student sparks widespread protests. Retold by her loved ones, this documentary shows their fight for justice."
Girls State,"Follows 500 adolescent girls from all across Missouri as they come together for a week-long immersion in a sophisticated democratic laboratory, where they organize a Supreme Court to consider the most contentious issues of the day."
Last Night at Terrace Lanes,"When a bloodthirsty cult invades a bowling alley on its final night of operation, a high schooler on a date from hell, must join forces with her survivalist dad to fend off the crazed murderers."
"To Live, to Die, to Live Again","A potential love triangle between Emma, Sammy, and Cyril is shattered by the emergence of the AIDS crisis. Expecting the worst, each character's destiny takes an unexpected path."
Dagr,Fame seeking YouTubers find themselves in a paranormal nightmare when the advert team they are stealing from awakens a murderous occultist from the past.
The Adamant Girl,"Meena, who loves a man from a lower caste but her family thinks she is possessed and cast the spell out of her."
Navras Katha Collage,"Nine soul-stirring tales depicting varied human emotions through one actor's tour-de-force performance. From joy to anger, this anthology immerses viewers in relatable situations that mirror life's kaleidoscope."
The Inheritance,"A billionaire on the eve of his 75th birthday, invites his estranged children back home out of fear that tonight someone or something is going to kill him. He puts each of their inheritances on the line, to make sure they'll help."
The Hyperboreans,"A woman's storytelling and illusions bring to life the controversial figure of Miguel Serrano, a Chilean writer who propagated esoteric Neo-Nazi philosophies, prompting contemplation about his place in history."
Vice Is Broke,"Huang examines Vice's transformation from indie magazine to media behemoth, interviewing former contributors pivotal to its ascent and decline."
La petite vadrouille,"Justine, her husband and their gang of friends come up with a solution to their money problems: organize a fake romantic cruise for Franck, a major investor, who is looking to seduce a woman."
Queen of Bones,"In 1931 Oregon, twins Lily and Sam defy their father's silence to uncover the dark supernatural ties behind their mother's death on their isolated homestead."
Lovers,"A woman returns home for the funeral of a friend who's taken his own life, she reconnects with her past and opens her heart to love again."
An Open Door: Temple Grandin,"Acclaimed documentary celebrating Dr. Temple Grandin's pioneering work in animal welfare, autism advocacy, and neurodiversity through her unique perspective as a visual thinker on the autism spectrum."
I Feel Fine.,"Ozzy Taylor, a charismatic high school teen, discovers he can't control his intrusive thoughts, setting off a life-changing shift in his destiny."
Chris Brown: A History of Violence,"Explore the biographical film that delves into the controversial personal life of Chris Brown, an iconic singer while exploring allegations of domestic violence, assault charges and sexual misconduct."
Make a Girl,"In a future where domestic robots are commonplace, a young man creates his ideal partner. He brings to life an artificial girlfriend, who begins to display emotions. But over time she wonders whether her feelings are real or programmed."
Siddharth Roy,"Siddharth Roy Embraces logic and reason but is overwhelmed by emotions, resulting in heartache and inner turmoil."
Andrea Bocelli: Because I Believe,Follows Andrea Bocelli not only backstage but beyond the stage and into his private life with family and close friends.
The Gifts of Christmas,"When Taya, the hardworking owner of a struggling resort, reconnects with Bradley, they must navigate financial challenges, fraudulent activities, and their own complicated history to save the resort and find love in the process."
Super Vixens 6,"Max Lords clones SuperNova, leading to a clash. Blue Bird lacks serum, while Komodo controls her poison for Vixen's agenda. Metal Skull aims to corrupt Marvel Girl using her weakness, pitting heroes against villainous forces."
Detective Conan vs. Kid the Phantom Thief,"High school student Kuroha Kaido discovers his late father's secret life as the Phantom Thief Kid, inherits his costume, and embarks on a quest to uncover the mysterious organization behind his father's murder."
Lost Chapters,"After years spent abroad, Ena returns to Caracas, where she finds her grandmother losing her memory and her father searching for rare Venezuelan books."
Inedia,"After a series of mysterious and debilitating allergic reactions to food, a young woman joins a radical community of people who claim to be nourished by light."
Measures for a Funeral,Young academic pursues acclaimed early 20th-century Canadian violinist Kathleen Parlow while escaping her failed musician mother's shadow in this poignant character study.
Smoke Signals,"Brussels, 2012. After the Health Commissioner's abrupt dismissal shrouded in secrecy, MEP José Bové and his team launch an investigation into the matter."
The Nita & Zita Project,"Picture this: Gypsy Rose Lee meets Grey Gardens meets Sisterhood of the Traveling Underpants ... with a dash of Fiddler on the Roof. This is the extraordinary story of outsider artists, Nita & Zita, who blazed a trail to international stardom, then became eccentric recluses, weaving their mythology into the very fabric of New Orleans. The story of Nita & Zita is a tale of marginalized women who lived by their own rules, Jewish immigrants on the fringes of society, burlesque dancers, and trailblazers. It is a story of mystery, intrigue, glamour, stardom, poverty, loneliness, and most of all, the extraordinary love and devotion of sisters. It is also the story of two ecstatic muses, who inspired countless artists. Nita & Zita are the patron saints of all those with a burning desire to create. These artists recognize themselves in Nita & Zita as the ultimate bohemian outsider artists. Nita & Zita performed all over the world before retiring to a creole cottage in New Orleans where they became eccentric recluses, but they weren't done creating. They painted their house top to bottom with flowers and polka dots and surrounded themselves with photos from their dancer days. After they died, their neighbor found thousands of hand-sewn costumes, dolls, dresses, and art that were then sold in a yard sale that lasted 5 years. Many artists in New Orleans and around the world own Nita & Zita costume pieces, where they are now literally woven into the fabric of the city. Nita & Zita are buried in the pauper's section of the Hebrew Rest Cemetery in New Orleans. Filmmakers Marci Darling and Sharon Gillen are passionate about smashing Jewish stereotypes, gender stereotypes, dancer stereotypes, and socioeconomic injustices through innovative visual storytelling. This film will shine a new light on an aspect of American history and culture that is rarely illuminated, the stories of burlesque dancers, acrobats, contortionists, and the people who dare to step into the ring and take big risks in order to make their living as performers. Dancers are ephemeral - when they die, their art goes with them, unless someone tells their story. We are telling their story."
Softshell,"Following the death of their mother, a Thai-American brother and sister navigate living in the city and beyond."
I Want to Be Neenja! The Movie,"One of the greatest songs ever is now a movie. Buckle up for a laughter-filled ride. Jennifer Murphy ""GoGirl"" is a superhero on a mission to spread smiles, but she is being sabotaged by Chow, the billionaire ninja villain. Who will win?!."
Freedom Way,"Government laws threaten a startup, affecting nine lives. Co-founders fight to survive, a motorcyclist loses his job, a doctor faces moral dilemmas, and police partners confront opposing choices."
The War on Truth,"The government's 3-year War On Truth faces resistance. Nick Searcy investigates J6 deaths, Capitol breach orchestrators, election impacts, and how federal agencies target citizens to protect corrupt officials."
Skeleton's Serious Kids,"After a call throughout Spain and unique physical and mental selection tests, nine young athletes are selected to become the first Spanish Skeleton team ever. For most of them it is their first contact with the ice."
Rita,"A new wife Rita, who finds herself alone when husband Ariel works abroad. They both find sexual satisfaction in other people. When Ariel comes back, they both act like nothing happened. But will this keep their marriage from falling apart?"
Danger in the Dorm,"After the murder of her childhood best friend and fellow classmate, Kathleen must catch a killer who's preying on young girls around campus."
Woodwalkers,"Carag, a shapeshifting puma raised in the wild, joins Clearwater High, a school for Woodwalkers. With friends Holly (squirrel) and Brandon (bison), he navigates mysteries and dangers of the Woodwalker world."
Vae Victis,"Vae Victis tells about the life story of painter Valerio De Filippis, a man who has made art his way of being in the world but currently in the grip of the dreaded artist's block in view of a very important exhibition."
Lubber Pandhu,"Set against the rural backdrop, explores gully cricket stars Gethu and Anbu's intense rivalry. Anbu's romantic involvement with Gethu's daughter escalates the clash. Their skills and emotions are put to the ultimate test."
One More Shot,"Following the attack on the black site in Poland, Navy SEAL Jake Harris is ordered to escort terrorist suspect Amin Mansur to Washington D.C for interrogation."
Raayan,"A series of unfortunate events lead Raayan, a simple man to be dragged into the dreaded world of crime and manipulation."
Love Across Time,A real estate inspector working in England at an old Georgian manor accidentally opens a portal to its 18th-century past and its dashing then-owner.
Last Tour Home,"War veteran Tyler takes a ranch job to escape his past, finding uneasy peace with an older vet and his granddaughter. When a grieving neighbor suspects Tyler knows about his sister's unsolved death, secrets threaten to surface."
Oru Anveshanathinte Thudakkam,"In Kerala, an investigating journalist disappears without notice. Media and public stunned. Investigation uncovers shocking, unexpected mysteries. Suspenseful plot follows the case's twists and revelations."
Thelma the Unicorn,"A singing pony who dreams of stardom finds instant fame when she transforms into a sparkly unicorn, but becoming a celebrity is one wild ride."
Psycho Therapy: The Shallow Tale of a Writer Who Decided to Write about a Serial Killer,"A writer in a creative crisis befriends a retired serial killer, who becomes his marriage therapist and consultant for a new book. But his wife begins to suspect she might be a target."
The Mouse Trap,"It's Alex's 21st Birthday, but she's stuck at the amusement arcade on a late shift so her friends decide to surprise her, but a masked killer dressed as Mickey Mouse decides to play a game of his own with them which she must survive."
Duchess,"Follows a tough, working-class, petty criminal who morphs into an anti-heroine to be reckoned with in a murky underworld, in the treacherous world of diamond smuggling."
Ayalaan,"A lost alien seeks help to go back to his home, but everything gets harder after the alien returns to its home."
Shaitaan,"A family's getaway turns terrifying when an intruder possesses the teen daughter's body, putting her at the mercy of his increasingly sinister commands."
Please Don't Feed the Children,"A gang of orphans travels to the south in quest of a new life after a viral outbreak decimates the adult population of the nation, only to find themselves at the mercy of a psychotic woman who is hiding a perilous secret."
You Can't Run Forever,A teenage girl suffering from anxiety due to a tragic event from her past finds herself hunted through the woods by a sociopath on a murderous rampage.
Children of the Wicker Man,"50 years on from the making of The Wicker Man (1973), director Robin Hardy's lost papers come to filmmaker son Justin. Enlisting his brother Dominic, they journey to discover the complex nature of independent filmmaking and fatherhood."
The Grinch That Stole Bitches,"The Grinch has to settle the score with Santa, so he decides to take a different approach."
